,open,high,low,close,volume
1999-11-12,23.44,24.25,23.19,23.69,1804800
1999-11-19,24.06,24.13,23.25,23.5,1147800
1999-11-26,23.66,23.81,22.31,23.0,791500
1999-12-03,22.69,23.38,22.56,23.13,765300
1999-12-10,22.94,23.38,21.63,22.13,1211800
1999-12-17,22.56,23.38,21.56,21.63,1671500
1999-12-23,22.0,22.5,21.63,21.94,2154800
1999-12-31,21.91,23.0,21.38,22.81,713900
2000-01-07,22.78,22.78,20.5,21.5,933000
2000-01-14,21.81,22.13,20.88,21.81,491500
2000-01-21,21.75,22.13,21.13,21.69,549300
2000-01-28,21.38,22.31,19.63,21.19,1645600
2000-02-04,21.0,21.44,18.88,20.63,2473300
2000-02-11,20.63,20.75,19.69,20.0,1086500
2000-02-18,20.0,20.38,19.0,20.0,1162600
2000-02-25,19.88,20.38,19.56,19.94,983700
2000-03-03,19.81,20.5,19.56,20.06,985800
2000-03-10,20.5,20.63,18.5,18.5,2264000
2000-03-17,18.5,21.13,17.94,19.75,1625400
2000-03-24,19.56,20.88,19.56,20.31,912800
2000-03-31,20.16,20.88,19.38,20.63,1175500
2000-04-07,20.63,20.75,19.25,19.91,1523200
2000-04-14,19.91,20.56,19.63,19.75,879900
2000-04-20,19.63,22.0,19.5,21.0,1054700
2000-04-28,20.69,21.31,19.75,21.0,599000
2000-05-05,21.0,21.94,20.44,21.75,1169100
2000-05-12,21.5,22.75,20.56,22.56,760500
2000-05-19,22.5,23.25,22.0,22.0,803100
2000-05-26,22.06,23.5,21.0,23.13,675100
2000-06-02,23.31,24.0,23.06,23.94,778900
2000-06-09,23.63,24.63,23.38,23.5,508700
2000-06-16,23.38,24.13,23.06,23.13,1273100
2000-06-23,23.06,23.56,21.25,22.25,1283800
2000-06-30,22.0,23.69,21.75,22.06,1148400
2000-07-07,22.0,23.25,21.88,23.16,760400
2000-07-14,22.88,25.25,22.75,24.67,811400
2000-07-21,24.56,25.13,23.63,24.5,477200
2000-07-28,24.63,25.0,23.94,24.0,689200
2000-08-04,24.88,25.5,24.13,25.25,711800
2000-08-11,25.03,27.25,25.0,27.06,621400
2000-08-18,27.06,27.5,26.38,26.75,560300
2000-08-25,26.81,27.0,25.63,27.0,557200
2000-09-01,27.0,27.0,26.06,26.25,629600
2000-09-08,26.06,26.69,25.38,26.19,573400
2000-09-15,26.19,26.44,24.19,25.56,956200
2000-09-22,25.53,25.61,24.75,25.56,876800
2000-09-29,25.56,26.44,24.56,26.0,640800
2000-10-06,26.0,26.0,23.38,24.0,996900
2000-10-13,24.0,25.0,21.63,24.94,1074600
2000-10-20,24.63,25.56,23.63,25.31,769000
2000-10-27,25.25,25.38,24.25,25.0,671100
2000-11-03,24.38,27.13,24.38,27.0,762600
2000-11-10,27.13,27.13,24.19,24.25,522400
2000-11-17,24.31,27.25,24.13,27.25,900500
2000-11-24,26.5,27.69,25.81,27.69,608800
2000-12-01,28.0,28.0,25.88,27.0,931800
2000-12-08,27.13,28.25,26.5,27.44,1474300
2000-12-15,27.56,28.19,23.88,23.91,1809900
2000-12-22,24.19,26.13,23.56,26.02,1585400
2000-12-29,26.13,27.5,25.38,26.25,838200
2001-01-05,26.81,27.94,25.02,25.75,930200
2001-01-12,25.75,29.56,25.75,27.94,2695700
2001-01-19,27.06,29.61,24.5,27.69,978500
2001-01-26,28.0,28.75,25.8,27.56,1089200
2001-02-02,27.94,29.0,27.06,28.38,950400
2001-02-09,27.38,28.81,27.13,27.94,695200
2001-02-16,27.38,28.25,27.06,27.19,1202500
2001-02-23,27.25,27.94,25.88,26.13,516400
2001-03-02,25.94,26.98,24.38,24.5,1247900
2001-03-09,24.44,25.75,24.19,24.84,747300
2001-03-16,24.5,25.75,22.0,22.63,2080000
2001-03-23,22.69,23.88,21.38,21.94,1784900
2001-03-30,22.25,22.75,21.06,21.38,1973400
2001-04-06,21.69,22.25,20.7,20.81,1676700
2001-04-12,21.25,22.28,20.75,21.8,1397500
2001-04-20,21.8,22.35,21.3,22.09,3747400
2001-04-27,22.0,23.41,21.88,22.7,2420300
2001-05-04,22.64,23.19,20.87,21.64,2864100
2001-05-11,21.65,22.59,21.47,22.2,2197600
2001-05-18,22.66,24.41,22.26,24.11,1374200
2001-05-25,24.11,24.32,23.32,23.82,1394800
2001-06-01,23.94,23.98,23.06,23.51,822300
2001-06-08,23.54,24.61,23.45,24.1,1032800
2001-06-15,24.11,24.33,22.78,23.76,3745000
2001-06-22,23.61,24.79,23.55,23.8,1671300
2001-06-29,24.31,25.84,22.86,25.75,1423000
2001-07-06,25.8,25.8,24.55,24.68,470700
2001-07-13,24.55,25.01,23.65,24.91,1037300
2001-07-20,25.31,26.43,23.8,24.3,854600
2001-07-27,24.53,25.75,23.5,25.26,682600
2001-08-03,25.79,25.96,24.37,24.61,691300
2001-08-10,24.43,25.68,24.2,24.82,690300
2001-08-17,24.89,26.22,24.31,25.64,931800
2001-08-24,25.98,26.2,25.5,25.68,645300
2001-08-31,25.89,26.25,25.13,26.25,536400
2001-09-07,26.25,26.29,24.3,24.4,674600
2001-09-10,24.69,24.69,23.95,24.33,257500
2001-09-21,23.9,24.21,21.12,21.84,3021000
2001-09-28,22.1,23.46,21.45,23.41,1300300
2001-10-05,22.78,22.78,21.68,22.05,1217700
2001-10-12,22.0,23.22,21.7,23.01,943200
2001-10-19,22.99,24.09,21.6,22.64,941400
2001-10-26,22.5,22.87,21.66,22.23,1052900
2001-11-02,22.5,22.98,21.74,22.4,1014800
2001-11-09,22.49,23.35,22.16,23.0,715800
2001-11-16,23.2,24.4,22.9,23.74,943100
2001-11-23,24.17,24.17,23.11,23.69,740700
2001-11-30,23.69,24.63,23.35,24.05,1119300
2001-12-07,23.94,25.08,23.65,24.89,963000
2001-12-14,25.0,26.71,24.4,26.0,1423900
2001-12-21,25.97,26.92,24.5,26.73,1682200
2001-12-28,26.51,27.92,26.51,27.56,702800
2002-01-04,27.45,27.5,25.62,27.22,1038900
2002-01-11,27.5,27.57,25.69,25.69,977300
2002-01-18,25.68,26.84,24.89,25.62,2051700
2002-01-25,25.77,27.0,24.9,25.25,1274300
2002-02-01,25.4,25.98,24.59,24.6,2178600
2002-02-08,24.55,25.46,23.98,24.43,1409600
2002-02-15,24.5,25.57,24.5,24.7,1466000
2002-02-22,24.7,25.25,24.19,24.99,1349500
2002-03-01,24.99,25.91,24.75,25.55,2231100
2002-03-08,26.1,26.7,25.56,26.22,2563600
2002-03-15,26.22,27.79,25.98,27.07,2404400
2002-03-22,27.19,28.01,26.5,27.48,2346300
2002-03-28,27.63,27.8,26.51,27.61,1055000
2002-04-05,27.54,27.96,26.57,27.63,2537600
2002-04-12,27.4,28.0,26.77,28.0,2040800
2002-04-19,28.04,29.0,27.12,27.86,1576300
2002-04-26,28.09,28.1,26.76,27.27,1065300
2002-05-03,27.39,28.85,26.4,28.6,1852700
2002-05-10,28.65,29.16,27.65,28.53,1050900
2002-05-17,28.67,29.25,28.39,29.04,1099400
2002-05-24,29.14,29.25,27.93,28.95,1050700
2002-05-31,28.96,29.25,27.51,27.51,891800
2002-06-07,27.5,27.53,25.08,25.53,1853800
2002-06-14,25.58,26.16,24.74,25.28,1158400
2002-06-21,25.0,26.2,24.81,25.65,1762800
2002-06-28,25.65,27.0,24.79,25.8,2022300
2002-07-05,25.75,26.19,24.45,25.72,972200
2002-07-12,25.75,26.0,23.81,24.06,1154400
2002-07-19,24.2,24.64,23.33,23.77,1215900
2002-07-26,24.18,24.2,21.5,22.64,1398800
2002-08-02,22.75,25.75,22.75,22.95,1143200
2002-08-09,22.76,24.35,22.25,24.28,636200
2002-08-16,23.61,24.4,22.45,24.05,1187300
2002-08-23,24.24,24.45,23.27,23.34,967200
2002-08-30,23.34,24.35,22.5,22.89,1014000
2002-09-06,23.0,23.26,21.52,22.06,1472700
2002-09-13,22.0,22.48,21.7,22.1,1422800
2002-09-20,22.13,22.5,21.66,22.06,2094200
2002-09-27,21.9,23.51,21.7,22.7,1663600
2002-10-04,22.42,22.7,21.35,21.65,1832500
2002-10-11,21.73,22.1,20.5,21.53,1425200
2002-10-18,21.17,24.05,21.17,23.42,1534200
2002-10-25,23.2,24.28,23.06,23.47,1156800
2002-11-01,23.48,23.75,22.32,23.22,1508700
2002-11-08,23.0,24.0,22.96,23.16,1148200
2002-11-15,23.41,23.7,22.6,23.26,1091900
2002-11-22,23.22,23.9,22.37,23.76,977000
2002-11-29,23.5,25.0,23.44,24.63,950000
2002-12-06,24.89,25.18,23.76,25.08,1442900
2002-12-13,25.25,25.35,23.98,25.03,966800
2002-12-20,25.27,25.77,24.98,25.74,1300000
2002-12-27,25.75,26.35,25.62,26.03,1119200
2003-01-03,26.07,26.59,25.69,26.31,1121100
2003-01-10,26.5,26.75,26.07,26.74,1203700
2003-01-17,26.85,26.9,26.05,26.47,1438000
2003-01-24,26.5,26.5,25.66,26.24,1389100
2003-01-31,26.25,26.52,25.43,25.95,1795100
2003-02-07,26.17,26.5,25.41,25.5,1275800
2003-02-14,25.69,25.74,23.87,24.15,1985100
2003-02-21,24.1,25.14,23.81,24.99,1526600
2003-02-28,24.8,25.27,23.5,24.84,2553500
2003-03-07,25.08,25.2,24.09,24.8,1087600
2003-03-14,24.62,25.07,24.02,25.07,1157600
2003-03-21,24.69,26.37,24.69,26.07,1410300
2003-03-28,25.75,26.18,24.92,25.3,1410000
2003-04-04,25.23,26.05,24.54,25.44,1179100
2003-04-11,25.97,26.39,24.75,25.33,1393500
2003-04-17,25.2,26.5,25.04,26.34,882200
2003-04-25,25.91,26.9,25.79,26.26,1016300
2003-05-02,26.4,27.0,25.97,26.79,1423800
2003-05-09,26.64,27.25,26.43,27.01,1405400
2003-05-16,26.93,27.26,25.02,25.78,1297200
2003-05-23,25.27,25.78,24.35,25.53,1705300
2003-05-30,25.4,27.21,25.31,27.18,1638300
2003-06-06,27.2,27.25,26.2,26.54,1159600
2003-06-13,26.1,27.25,26.1,26.74,1701500
2003-06-20,27.09,27.7,26.59,26.99,1760600
2003-06-27,27.7,27.7,26.25,26.5,1587100
2003-07-03,26.6,27.19,25.76,27.03,987300
2003-07-11,27.0,27.63,26.21,27.43,1330900
2003-07-18,27.5,27.93,26.32,27.17,1183900
2003-07-25,26.75,27.89,26.46,27.56,1227100
2003-08-01,27.8,28.89,27.32,27.81,2092700
2003-08-08,27.74,28.11,26.32,27.29,1216000
2003-08-15,27.41,28.95,27.25,28.84,1894000
2003-08-22,28.99,29.0,28.5,28.6,1521200
2003-08-29,28.68,29.4,28.24,29.07,1481400
2003-09-05,29.0,30.03,28.72,28.72,1766000
2003-09-12,29.01,29.62,28.2,28.98,1362400
2003-09-19,28.5,29.8,28.5,29.09,1882300
2003-09-26,29.09,29.27,27.56,27.56,1344900
2003-10-03,27.57,30.33,27.55,30.33,1875200
2003-10-10,30.45,30.86,29.91,30.65,2286800
2003-10-17,30.36,31.43,30.36,30.81,1953500
2003-10-24,30.99,31.51,29.7,30.58,1531900
2003-10-31,30.27,31.84,30.19,31.16,1513000
2003-11-07,31.0,32.21,30.89,31.9,1950300
2003-11-14,31.75,32.1,30.66,30.75,1227900
2003-11-21,30.5,31.0,29.5,30.43,1435500
2003-11-28,30.54,32.0,30.27,31.77,971500
2003-12-05,31.85,32.08,30.93,31.03,1280500
2003-12-12,31.28,34.11,30.93,34.0,2746200
2003-12-19,34.39,34.6,32.67,34.0,2124800
2003-12-26,34.46,34.46,33.55,33.84,705300
2004-01-02,34.34,34.57,33.57,33.75,1288000
2004-01-09,34.17,34.39,32.4,32.94,1641900
2004-01-16,32.66,33.8,32.66,33.21,1595000
2004-01-23,33.2,33.32,31.41,32.1,1666300
2004-01-30,32.26,33.25,31.51,32.43,2137400
2004-02-06,32.77,33.31,31.64,33.04,1788300
2004-02-13,33.3,34.56,32.81,34.0,1828000
2004-02-20,34.0,34.5,33.74,34.25,1083700
2004-02-27,33.97,34.4,33.04,33.95,2259800
2004-03-05,34.09,35.14,33.9,34.46,2564500
2004-03-12,34.74,34.74,32.55,34.35,2142400
2004-03-19,33.75,34.45,32.4,32.53,2022300
2004-03-26,32.65,32.96,31.5,32.21,1739900
2004-04-02,32.65,34.97,32.38,34.4,2919200
2004-04-08,34.69,34.69,33.58,33.78,1329300
2004-04-16,33.57,34.47,32.24,33.44,1763400
2004-04-23,33.53,33.82,31.7,32.92,2240800
2004-04-30,33.02,33.54,31.38,31.59,2847500
2004-05-07,32.19,32.85,30.34,30.35,2140800
2004-05-14,30.25,31.14,29.05,30.2,2851400
2004-05-21,30.12,31.05,29.62,30.73,1734600
2004-05-28,31.07,32.58,30.69,31.87,1831000
2004-06-04,31.83,33.19,31.83,32.89,1339700
2004-06-10,33.25,33.43,32.53,32.88,1297800
2004-06-18,33.0,33.07,32.0,32.86,1479100
2004-06-25,32.86,33.88,32.38,33.87,2258300
2004-07-02,33.39,33.48,32.87,33.26,3071700
2004-07-09,33.4,33.75,32.89,33.3,1555400
2004-07-16,33.35,33.6,32.52,33.07,1572000
2004-07-23,33.08,33.98,31.81,32.05,1790500
2004-07-30,32.0,33.81,30.15,32.88,3041300
2004-08-06,32.7,32.95,30.25,30.25,2278500
2004-08-13,30.55,31.88,30.24,30.32,1716500
2004-08-20,30.67,31.82,30.51,31.27,1858500
2004-08-27,31.25,31.35,30.49,30.96,1421100
2004-09-03,30.76,31.84,30.41,31.34,1749500
2004-09-10,31.8,32.8,31.35,32.67,1474300
2004-09-17,32.68,34.24,32.36,33.72,1877600
2004-09-24,33.44,33.91,32.73,33.24,1559500
2004-10-01,33.05,35.0,32.32,34.85,1828100
2004-10-08,34.95,35.5,34.01,34.29,1663000
2004-10-15,34.42,34.64,33.27,34.38,1432900
2004-10-22,34.54,36.66,33.93,35.42,2061600
2004-10-29,35.35,36.87,34.9,36.65,2279400
2004-11-05,36.35,38.1,36.35,38.07,2759900
2004-11-12,38.08,41.79,37.76,41.16,3035000
2004-11-19,40.89,43.38,40.13,41.05,6647200
2004-11-26,41.02,41.76,40.32,41.7,2041500
2004-12-03,41.96,43.82,41.18,43.35,5609200
2004-12-10,43.09,44.2,42.44,43.72,3473500
2004-12-17,43.61,44.74,43.5,43.97,2486300
2004-12-23,44.19,44.22,42.63,42.7,1584400
2004-12-31,42.7,43.06,41.59,42.42,1646200
2005-01-07,42.41,43.43,41.37,42.39,2863500
2005-01-14,42.58,43.57,42.01,43.47,2188900
2005-01-21,43.21,44.27,43.09,43.48,2088200
2005-01-28,43.81,47.14,43.29,45.81,4172700
2005-02-04,45.9,47.14,45.71,46.5,4966600
2005-02-11,46.5,46.5,44.04,45.02,4793400
2005-02-18,45.03,45.14,44.0,44.53,1982100
2005-02-25,44.25,45.75,43.17,45.69,2403800
2005-03-04,45.6,46.0,44.35,45.3,3383100
2005-03-11,45.2,45.39,43.08,43.35,2708800
2005-03-18,43.26,43.89,42.08,42.31,2800600
2005-03-24,42.24,42.93,41.11,41.76,2126100
2005-04-01,41.75,42.44,39.92,40.34,2762900
2005-04-08,40.25,41.4,39.8,40.19,1982300
2005-04-15,40.05,40.3,37.45,37.64,5038700
2005-04-22,37.63,39.6,36.82,39.2,4214700
2005-04-29,39.46,40.88,39.02,40.73,4807400
2005-05-06,40.53,42.92,40.12,42.46,3270900
2005-05-13,42.75,42.78,40.29,40.6,3529000
2005-05-20,40.79,46.41,40.78,44.95,4546800
2005-05-27,44.94,45.5,44.0,44.81,2390700
2005-06-03,44.9,44.99,43.43,43.64,1700500
2005-06-10,44.06,44.8,42.89,43.8,2464700
2005-06-17,44.1,46.82,44.0,46.61,3156800
2005-06-24,46.1,46.72,44.4,45.18,5159300
2005-07-01,45.08,47.0,44.97,46.93,2320600
2005-07-08,46.95,48.4,46.76,47.97,2129900
2005-07-15,47.62,49.81,47.62,48.69,1947600
2005-07-22,48.54,56.1,48.19,54.81,7028600
2005-07-29,54.62,54.83,51.9,53.48,3448500
2005-08-05,52.89,53.62,51.04,51.39,2137200
2005-08-12,51.74,52.37,51.16,51.75,1928200
2005-08-19,51.53,51.92,49.4,49.75,2492100
2005-08-26,50.06,50.37,48.5,48.85,2293500
2005-09-02,49.95,52.59,49.52,51.0,3074700
2005-09-09,51.0,51.76,49.95,50.46,1099400
2005-09-16,50.23,51.12,49.0,51.1,2068600
2005-09-23,51.18,52.27,50.63,51.63,2260800
2005-09-30,51.89,54.45,51.36,53.24,2284300
2005-10-07,53.42,53.49,49.07,49.74,3542200
2005-10-14,49.76,49.76,46.13,47.66,5227500
2005-10-21,47.6,47.65,45.48,46.48,3957900
2005-10-28,46.19,48.7,45.97,47.71,2315200
2005-11-04,47.87,51.38,47.78,50.4,2554600
2005-11-11,50.56,51.38,49.21,50.88,1933700
2005-11-18,50.88,51.52,49.56,49.91,1991400
2005-11-25,49.92,52.4,49.92,52.11,1250100
2005-12-02,52.03,52.05,49.93,50.47,2660000
2005-12-09,50.61,53.8,50.2,53.25,2478200
2005-12-16,53.14,54.7,53.05,54.15,2291600
2005-12-23,54.1,55.5,53.64,55.23,1778700
2005-12-30,55.2,55.4,53.97,54.24,1210900
2006-01-06,54.3,54.86,52.36,53.62,2326000
2006-01-13,53.38,54.41,53.02,53.95,1977800
2006-01-20,53.71,54.5,52.85,52.85,1644200
2006-01-27,50.54,53.38,50.0,52.3,3662900
2006-02-03,52.27,53.59,49.05,50.04,5133900
2006-02-10,49.99,50.21,47.3,47.5,3944100
2006-02-17,47.49,49.55,47.27,49.47,2602700
2006-02-24,49.19,49.62,48.41,48.73,1618400
2006-03-03,48.96,49.55,48.37,49.08,2478800
2006-03-10,48.91,48.99,47.45,48.19,1752400
2006-03-17,48.04,48.64,46.6,47.03,2565800
2006-03-24,47.21,48.98,46.86,47.74,2929300
2006-03-31,47.85,48.35,47.3,47.68,3014500
2006-04-07,47.75,50.09,47.59,49.48,2876600
2006-04-13,49.87,50.43,48.09,49.05,2204600
2006-04-21,49.0,50.0,47.97,49.03,3076000
2006-04-28,49.35,50.23,48.0,49.87,2869900
2006-05-05,49.88,50.05,47.7,48.91,3075300
2006-05-12,48.96,51.06,48.08,48.77,3533200
2006-05-19,48.25,48.46,44.85,45.0,4337000
2006-05-26,44.76,45.89,44.12,45.2,3448100
2006-06-02,45.24,46.35,44.62,45.57,2235100
2006-06-09,45.6,45.74,43.29,43.65,4394600
2006-06-16,43.55,43.89,40.5,42.69,5599000
2006-06-23,42.46,42.81,41.57,41.89,3338400
2006-06-30,41.85,44.46,40.67,44.27,5021600
2006-07-07,44.5,44.54,42.23,42.78,3035500
2006-07-14,42.95,43.48,41.11,41.74,3608300
2006-07-21,41.5,42.35,39.3,40.15,4568300
2006-07-28,40.23,41.25,39.55,40.22,3275000
2006-08-04,40.11,43.51,39.29,42.29,4658100
2006-08-11,42.37,42.57,40.58,40.87,4900600
2006-08-18,40.96,42.52,40.83,42.37,3214400
2006-08-25,42.38,43.24,42.11,43.04,3177100
2006-09-01,42.85,44.1,42.77,43.95,2090600
2006-09-08,44.01,44.3,43.0,43.28,1988500
2006-09-15,43.03,45.01,42.91,44.57,2939200
2006-09-22,44.78,44.78,43.37,43.65,2252200
2006-09-29,43.79,44.94,43.06,44.37,3129500
2006-10-06,44.21,45.34,43.35,44.76,1996700
2006-10-13,44.65,46.06,44.27,45.72,1303000
2006-10-20,45.93,46.5,44.8,45.82,2136700
2006-10-27,45.84,47.7,45.16,47.08,2841100
2006-11-03,46.99,47.35,44.83,45.01,3262100
2006-11-10,44.97,45.5,43.8,44.29,3448100
2006-11-17,44.32,45.45,44.02,45.0,3625000
2006-11-24,45.0,45.4,43.91,44.15,1549000
2006-12-01,44.04,44.42,42.73,44.03,3267900
2006-12-08,44.14,44.87,43.95,44.12,1516400
2006-12-15,44.2,45.14,43.94,44.67,3568800
2006-12-22,44.67,44.88,43.62,44.07,3616600
2006-12-29,44.0,45.12,44.0,44.34,1073400
2007-01-05,44.78,45.62,44.27,44.44,1479200
2007-01-12,44.4,46.41,44.2,46.41,2695800
2007-01-19,46.55,47.42,46.36,47.38,1811100
2007-01-26,47.43,48.52,46.91,47.52,2154400
2007-02-02,47.61,50.31,47.18,49.64,2737200
2007-02-09,49.64,49.85,48.47,48.64,1955100
2007-02-16,48.46,50.38,48.39,50.28,2207800
2007-02-23,50.04,51.45,49.83,51.34,1562900
2007-03-02,50.96,51.24,48.15,49.29,3542800
2007-03-09,49.15,49.77,48.26,49.1,2084600
2007-03-16,49.13,49.53,47.68,48.33,2263300
2007-03-23,48.53,50.87,47.75,50.84,2027000
2007-03-30,50.67,50.87,49.45,50.44,1873400
2007-04-05,50.55,52.17,50.51,51.96,1339200
2007-04-13,52.13,53.36,50.9,52.39,1639700
2007-04-20,52.55,54.95,52.52,54.78,1880300
2007-04-27,54.6,55.2,53.38,54.18,1944300
2007-05-04,52.45,54.89,52.45,54.02,4212300
2007-05-11,54.13,55.55,53.45,54.45,3069400
2007-05-18,54.52,54.52,52.98,53.22,2347800
2007-05-25,53.09,53.22,51.08,51.36,3395800
2007-06-01,51.3,54.14,51.3,53.79,2256200
2007-06-08,53.76,54.0,51.22,51.74,3043400
2007-06-15,51.55,53.78,50.8,52.62,2481200
2007-06-22,52.94,53.85,51.93,52.29,3046900
2007-06-29,52.32,53.73,51.65,53.11,2260400
2007-07-06,53.25,54.4,53.09,54.3,1653800
2007-07-13,54.34,56.99,53.65,56.83,2931100
2007-07-20,56.44,58.3,54.51,55.15,2696400
2007-07-27,55.6,56.21,51.05,52.35,3857500
2007-08-03,52.7,55.48,51.97,52.57,3836700
2007-08-10,52.77,59.42,52.0,55.0,8676200
2007-08-17,55.29,55.68,47.23,50.62,6132700
2007-08-24,50.82,52.15,49.95,51.66,2017600
2007-08-31,51.69,52.05,49.85,51.91,1883200
2007-09-07,51.86,53.33,50.14,50.18,1723300
2007-09-14,50.5,51.45,50.0,50.45,1992600
2007-09-21,50.41,53.42,49.47,49.5,3736600
2007-09-28,49.65,50.65,48.05,50.13,3565600
2007-10-05,50.06,53.48,49.96,53.48,2490500
2007-10-12,53.51,58.3,52.27,52.93,1867600
2007-10-19,52.88,53.28,48.84,48.89,2232700
2007-10-26,48.52,54.25,48.15,51.83,3954100
2007-11-02,51.84,52.8,50.0,52.02,3000800
2007-11-09,51.37,52.48,50.48,50.94,3132200
2007-11-16,50.69,52.07,48.68,49.55,2825200
2007-11-23,49.24,49.7,47.61,48.2,2599100
2007-11-30,48.1,51.52,47.55,51.38,2909300
2007-12-07,51.01,53.33,50.23,53.15,1885800
2007-12-14,53.08,54.81,51.86,52.33,2364400
2007-12-21,51.98,55.04,50.7,52.93,2031700
2007-12-28,53.14,54.56,51.08,53.02,795700
2008-01-04,53.05,53.05,47.27,47.78,2757700
2008-01-11,47.9,48.85,43.76,43.89,5204300
2008-01-18,44.28,45.54,42.58,42.98,4121900
2008-01-25,41.96,45.25,41.27,44.06,5043400
2008-02-01,43.75,46.44,43.46,45.75,4700700
2008-02-08,45.88,46.74,44.59,46.1,5287800
2008-02-15,46.33,47.69,44.99,45.73,2867100
2008-02-22,46.3,46.9,45.09,45.8,3175400
2008-02-29,45.86,47.06,43.95,44.04,2689800
2008-03-07,43.96,45.43,42.88,43.27,3278100
2008-03-14,43.25,44.59,41.71,42.38,4735600
2008-03-20,41.39,43.2,41.0,42.93,5675700
2008-03-28,42.95,44.31,42.36,42.55,5011000
2008-04-04,42.55,45.99,41.98,45.14,3024100
2008-04-11,45.58,46.09,44.24,44.84,3708000
2008-04-18,44.75,51.53,44.75,50.24,5415400
2008-04-25,49.88,53.42,49.8,53.29,7164200
2008-05-02,53.42,53.5,49.0,50.0,7865800
2008-05-09,50.38,50.57,47.04,48.06,4350000
2008-05-16,48.04,50.0,47.48,49.44,3214200
2008-05-23,49.36,51.25,48.54,48.94,3527600
2008-05-30,48.95,51.63,48.88,51.47,2668000
2008-06-06,51.13,51.94,48.29,48.37,2932100
2008-06-13,48.71,49.02,46.2,47.8,4878100
2008-06-20,47.61,49.05,46.62,48.1,4958000
2008-06-27,48.52,48.96,45.34,45.79,4440600
2008-07-03,45.82,46.07,44.03,44.33,2758900
2008-07-11,44.66,47.1,43.77,45.14,6781400
2008-07-18,45.6,46.1,42.11,44.95,5214500
2008-07-25,45.18,47.49,41.47,42.94,5726700
2008-08-01,42.55,44.92,41.77,42.89,4016900
2008-08-08,42.98,46.34,41.07,45.88,5127000
2008-08-15,45.7,47.62,44.72,46.64,3618400
2008-08-22,46.76,47.4,43.95,45.72,4654400
2008-08-29,45.51,45.95,43.75,44.73,4396500
2008-09-05,45.36,45.69,43.14,43.9,3877800
2008-09-12,44.87,46.6,43.1,46.25,4392000
2008-09-19,45.06,48.94,43.46,47.48,6169700
2008-09-26,47.11,47.47,42.15,44.46,3291300
2008-10-03,43.8,45.64,41.5,42.67,4754400
2008-10-10,41.45,41.79,32.25,37.5,3609400
2008-10-17,37.75,41.2,35.29,35.45,3548300
2008-10-24,35.1,37.58,25.32,28.5,6778100
2008-10-31,26.0,32.52,25.82,31.9,5858900
2008-11-07,31.72,32.7,27.85,28.66,2792600
2008-11-14,28.16,29.62,26.1,28.78,3188500
2008-11-21,28.68,29.31,20.64,22.05,5721700
2008-11-28,22.2,25.85,21.91,25.85,3491600
2008-12-05,25.23,25.74,22.57,25.55,2738600
2008-12-12,26.25,27.18,24.19,25.57,3707500
2008-12-19,25.6,26.3,24.06,24.61,4903200
2008-12-26,24.42,24.56,22.77,24.33,3823200
2009-01-02,24.35,25.68,23.66,25.36,3586400
2009-01-09,25.49,25.79,23.0,23.17,5208900
2009-01-16,23.27,23.43,21.52,22.53,3600000
2009-01-23,22.43,22.56,21.0,21.72,3382700
2009-01-30,21.75,23.72,21.75,22.04,3637000
2009-02-06,21.65,23.22,20.99,22.94,4160100
2009-02-13,23.06,23.37,21.77,22.05,5739500
2009-02-20,21.5,21.67,19.2,19.76,3513000
2009-02-27,19.85,20.0,18.47,18.79,4427100
2009-03-06,18.75,18.75,15.73,16.21,6294800
2009-03-13,16.33,18.25,16.0,17.84,4326400
2009-03-20,18.12,21.07,18.1,20.17,3384400
2009-03-27,19.98,20.15,18.07,19.75,4512200
2009-04-03,19.29,23.38,17.84,22.45,3665600
2009-04-09,22.3,23.12,20.44,23.03,2333400
2009-04-17,22.87,26.13,22.03,25.97,3722400
2009-04-24,25.15,26.4,22.81,25.96,4010200
2009-05-01,25.53,28.31,24.21,24.91,6903200
2009-05-08,25.2,26.38,23.04,25.48,3971300
2009-05-15,25.03,25.48,21.51,23.55,5410900
2009-05-22,23.65,24.55,21.88,22.39,2205500
2009-05-29,22.59,24.85,22.35,24.75,2393300
2009-06-05,25.0,26.79,24.85,26.5,2255500
2009-06-12,26.1,26.92,24.0,24.97,2140700
2009-06-19,24.79,24.88,22.43,23.39,3104800
2009-06-26,23.14,23.57,22.03,23.41,2242600
2009-07-02,23.52,25.35,23.13,23.97,1619600
2009-07-10,23.9,25.34,22.85,24.89,2936000
2009-07-17,25.0,27.13,24.42,26.3,2180000
2009-07-24,26.37,29.48,26.37,29.13,3343800
2009-07-31,29.0,30.72,27.5,29.22,4552200
2009-08-07,29.4,29.94,28.31,28.88,2520600
2009-08-14,28.73,29.5,27.82,28.33,1591700
2009-08-21,27.88,28.99,26.94,28.94,1486900
2009-08-28,28.96,29.87,28.31,29.06,1193100
2009-09-04,28.89,29.9,27.7,29.53,1522500
2009-09-11,29.85,33.08,29.55,32.98,1611600
2009-09-18,32.81,35.32,32.28,33.4,2976000
2009-09-25,32.95,35.43,32.45,32.94,2082000
2009-10-02,32.98,33.96,30.33,30.39,2080700
2009-10-09,30.6,32.56,30.4,32.12,1875000
2009-10-16,32.33,33.56,31.7,33.11,1373800
2009-10-23,33.12,34.74,32.56,32.83,1688000
2009-10-30,32.99,33.96,28.47,28.83,2504800
2009-11-06,28.84,29.19,26.47,28.55,4179500
2009-11-13,28.72,30.18,28.63,29.68,1366600
2009-11-20,29.99,31.35,29.23,30.22,1857800
2009-11-27,30.65,31.48,29.9,30.42,892400
2009-12-04,30.25,33.0,29.9,32.87,1855600
2009-12-11,32.87,33.16,31.66,32.82,1705200
2009-12-18,32.84,35.0,32.61,33.83,2491000
2009-12-24,34.05,35.37,33.83,35.0,1102200
2009-12-31,35.3,35.63,34.23,34.23,946300
2010-01-08,34.6,36.43,34.39,35.76,2481800
2010-01-15,36.2,36.38,33.37,33.98,1650000
2010-01-22,34.11,34.88,32.55,32.62,1712100
2010-01-29,32.86,33.17,31.9,31.95,2008900
2010-02-05,32.05,33.39,31.23,32.12,2765700
2010-02-12,31.82,32.35,31.6,31.93,2117800
2010-02-19,32.16,32.86,31.85,32.64,1808300
2010-02-26,32.9,33.4,31.66,32.18,2176300
2010-03-05,32.45,33.59,32.11,33.36,2028400
2010-03-12,33.26,34.91,33.26,34.72,1588400
2010-03-19,34.55,34.62,33.07,33.2,1555400
2010-03-26,33.03,33.72,31.81,32.0,2571700
2010-04-01,32.08,33.63,32.01,32.75,1768300
2010-04-09,32.85,34.3,32.0,34.29,2265700
2010-04-16,34.55,35.71,34.04,34.7,1684900
2010-04-23,34.49,36.47,34.05,36.41,1844500
2010-04-30,36.61,37.42,35.35,35.58,2054700
2010-05-07,35.69,37.28,31.92,32.47,3264000
2010-05-14,33.41,34.86,32.03,32.27,2905300
2010-05-21,32.52,32.85,30.96,31.96,3817400
2010-05-28,31.47,32.89,30.38,32.19,2367500
2010-06-04,31.88,32.33,29.9,30.06,2363900
2010-06-11,30.24,31.62,29.02,31.43,2466200
2010-06-18,31.71,32.89,31.55,32.78,1610700
2010-06-25,33.13,33.43,30.85,32.23,2850000
2010-07-02,32.27,32.45,28.92,29.54,2727800
2010-07-09,29.82,31.49,29.27,31.38,1459600
2010-07-16,31.2,32.62,30.8,31.5,1736400
2010-07-23,31.53,33.81,31.2,33.75,1541300
2010-07-30,33.71,35.25,32.67,33.55,1909800
2010-08-06,33.9,34.99,32.54,34.15,2013100
2010-08-13,34.48,35.37,31.91,32.44,1303600
2010-08-20,32.32,34.13,32.3,33.55,1386400
2010-08-27,33.68,34.52,32.48,34.28,1518200
2010-09-03,34.23,36.37,33.43,35.43,1897200
2010-09-10,35.13,35.23,33.88,34.79,607200
2010-09-17,35.3,35.75,34.83,34.95,2305500
2010-09-24,35.15,36.31,34.0,35.18,1866100
2010-10-01,35.15,35.5,34.56,34.83,1756300
2010-10-08,34.8,35.65,33.78,34.93,2118200
2010-10-15,34.86,35.71,34.01,34.44,1681900
2010-10-22,34.58,35.35,34.39,34.64,1492200
2010-10-29,34.87,35.27,33.63,34.43,1358700
2010-11-05,34.82,37.24,33.86,36.94,3378900
2010-11-12,36.56,37.12,35.82,36.12,2882500
2010-11-19,36.41,36.81,35.15,35.77,1723600
2010-11-26,35.57,36.21,34.86,35.82,1043500
2010-12-03,35.58,37.38,35.01,37.16,2131600
2010-12-10,37.15,38.14,36.93,37.96,2220200
2010-12-17,38.12,39.45,37.71,38.88,2337200
2010-12-23,39.06,40.3,38.27,40.24,1450900
2010-12-31,40.14,40.54,39.96,40.03,1443600
2011-01-07,40.42,41.83,39.85,40.58,2500000
2011-01-14,40.4,41.95,40.05,41.73,1590000
2011-01-21,41.68,42.08,39.64,40.03,1953300
2011-01-28,40.07,41.14,39.81,40.06,1953400
2011-02-04,40.24,41.82,39.82,41.34,2063800
2011-02-11,41.56,42.65,41.11,42.49,1596600
2011-02-18,42.57,44.34,41.31,43.91,1957500
2011-02-25,43.44,43.72,40.58,41.4,2599900
2011-03-04,41.71,42.47,39.95,41.2,3246800
2011-03-11,41.37,43.31,40.19,42.17,2781400
2011-03-18,41.82,42.13,39.18,39.69,6039200
2011-03-25,40.12,44.62,39.9,44.34,7575200
2011-04-01,44.49,55.5,44.14,54.47,9152900
2011-04-08,53.46,54.89,52.46,53.02,5606700
2011-04-15,53.02,53.02,51.7,52.56,2993400
2011-04-21,51.91,53.31,51.36,52.54,2037900
2011-04-29,52.34,53.99,52.0,52.7,2747900
2011-05-06,52.85,53.45,47.56,48.13,3291700
2011-05-13,48.0,48.62,46.9,47.11,2496700
2011-05-20,47.05,48.33,46.11,47.87,2001500
2011-05-27,47.01,50.88,47.0,48.23,3651000
2011-06-03,48.83,48.97,45.74,46.36,2158500
2011-06-10,46.14,46.57,44.5,44.83,1320900
2011-06-17,44.93,46.53,44.7,45.3,2323900
2011-06-24,45.21,47.54,45.21,46.38,1555300
2011-07-01,46.28,50.21,45.85,50.12,1335400
2011-07-08,50.09,51.66,49.66,51.49,1383500
2011-07-15,50.82,51.32,48.98,49.75,1996700
2011-07-22,49.54,51.1,48.45,50.43,1336700
2011-07-29,49.76,50.42,47.19,48.21,1291100
2011-08-05,48.71,49.03,42.7,43.12,3745100
2011-08-12,41.56,42.13,37.56,40.0,4730300
2011-08-19,40.43,41.24,37.13,37.36,2075100
2011-08-26,38.33,39.33,36.88,38.85,1491900
2011-09-02,39.45,43.16,39.27,40.37,1717600
2011-09-09,38.97,42.45,38.92,40.1,1506600
2011-09-16,39.4,42.55,38.44,41.54,1765900
2011-09-23,40.65,41.96,36.5,37.58,1844400
2011-09-30,37.82,39.67,36.48,36.53,1571800
2011-10-07,36.31,37.08,33.14,34.64,2078200
2011-10-14,35.45,39.9,35.25,39.61,1332400
2011-10-21,39.14,40.84,37.77,40.23,1255900
2011-10-28,40.27,43.28,39.44,42.17,1029900
2011-11-04,41.5,42.64,39.69,42.04,1426500
2011-11-11,42.0,42.62,38.2,39.54,1927300
2011-11-18,39.45,39.99,36.4,37.11,2883300
2011-11-25,36.35,36.65,33.09,33.16,2667500
2011-12-02,34.22,45.23,34.15,44.39,6326000
2011-12-09,45.53,45.53,41.67,42.63,3881500
2011-12-16,42.0,42.69,39.49,40.6,2688500
2011-12-23,40.67,41.97,39.06,41.35,1564700
2011-12-30,41.12,42.15,39.78,40.82,1290900
2012-01-06,42.04,42.75,40.64,42.21,1344600
2012-01-13,42.49,42.73,41.48,42.56,1650800
2012-01-20,42.8,46.14,42.38,45.62,1973400
2012-01-27,45.67,47.2,44.65,46.92,1896600
2012-02-03,46.57,48.68,46.13,48.15,2397000
2012-02-10,48.0,48.66,46.62,47.14,1734200
2012-02-17,47.66,48.11,43.66,44.64,3720300
2012-02-24,44.87,45.21,42.94,43.83,2037600
2012-03-02,43.42,47.07,43.16,45.97,2428200
2012-03-09,45.81,47.66,44.41,46.59,2256900
2012-03-16,46.6,49.49,45.73,48.86,3233300
2012-03-23,48.63,48.87,46.04,46.55,3408400
2012-03-30,47.06,48.81,46.57,48.45,2419800
2012-04-05,48.22,49.17,47.88,48.8,2096800
2012-04-13,48.08,49.12,47.81,48.12,3375300
2012-04-20,48.24,51.95,47.99,50.9,3648800
2012-04-27,50.8,51.99,48.99,51.83,3437100
2012-05-04,51.69,53.11,50.97,52.14,2767000
2012-05-11,51.87,52.94,48.68,50.07,3138000
2012-05-18,49.5,50.84,47.93,48.08,3358200
2012-05-25,48.15,51.62,47.77,50.87,2343500
2012-06-01,51.25,51.89,49.6,49.76,2092400
2012-06-08,50.0,52.46,48.54,52.15,2255000
2012-06-15,52.26,52.46,47.75,48.1,3736800
2012-06-22,47.94,49.46,47.78,48.45,2027200
2012-06-29,47.77,53.71,47.22,53.25,3264300
2012-07-06,27.74,30.3,26.15,26.21,1135233
2012-07-13,26.11,26.47,24.08,24.82,3242500
2012-07-20,24.64,25.09,24.33,24.53,673700
2012-07-27,24.13,25.57,23.28,25.35,698200
2012-08-03,25.66,25.67,24.19,25.55,1576800
2012-08-10,25.82,26.73,25.6,25.84,1454900
2012-08-17,25.75,26.86,25.27,25.73,782900
2012-08-24,25.73,25.73,23.88,23.93,831800
2012-08-31,23.97,24.35,22.52,22.69,758800
2012-09-07,22.69,23.5,22.4,23.34,1060500
2012-09-14,23.31,23.58,22.67,23.47,668400
2012-09-21,23.33,23.408,20.16,20.44,1800800
2012-09-28,20.35,21.54,19.96,20.91,1474500
2012-10-05,20.9,21.16,20.0,20.8,1977800
2012-10-12,20.65,21.53,20.614,21.37,1109800
2012-10-19,21.33,21.68,20.4,20.61,625400
2012-10-26,20.28,21.25,20.01,20.42,1153000
2012-11-02,20.61,21.72,20.3,21.35,866000
2012-11-09,21.31,23.47,20.77,22.67,1491700
2012-11-16,22.75,22.89,20.94,21.33,537900
2012-11-23,21.56,22.42,21.15,22.42,410400
2012-11-30,22.49,23.0,22.16,23.0,795700
2012-12-07,23.0,23.47,22.755,23.33,1221800
2012-12-14,23.4,25.23,23.1623,23.9,1733000
2012-12-21,23.89,25.17,23.65,24.97,1255200
2012-12-28,24.8,25.13,24.17,24.21,519200
2013-01-04,24.15,26.32,24.15,25.98,994700
2013-01-11,25.84,26.99,25.5901,26.77,1374000
2013-01-18,26.69,27.1,26.14,26.91,882300
2013-01-25,26.95,27.39,26.49,27.0,681300
2013-02-01,27.0,27.69,26.39,26.5,1114900
2013-02-08,26.38,26.9195,24.25,26.42,1085000
2013-02-15,26.36,26.532,25.85,26.17,698900
2013-02-22,26.13,26.65,25.41,25.9,1593700
2013-03-01,25.94,26.29,24.77,25.33,955400
2013-03-08,25.26,26.3,24.85,25.24,904000
2013-03-15,25.24,26.07,25.06,25.81,1104800
2013-03-22,25.53,25.84,24.1,24.82,723700
2013-03-28,24.9,24.997,23.92,24.6,689100
2013-04-05,24.54,24.54,22.92,23.25,867200
2013-04-12,23.3,23.74,23.0,23.53,734300
2013-04-19,23.35,23.46,21.51,22.4,922400
2013-04-26,22.33,23.01,22.08,22.96,681300
2013-05-03,22.94,24.76,22.93,24.42,941300
2013-05-10,24.42,26.4,24.26,26.07,1128800
2013-05-17,26.07,26.44,25.67,26.0,607100
2013-05-24,25.99,26.25,25.14,25.31,905200
2013-05-31,25.6,25.88,25.1,25.17,849900
2013-06-07,25.18,25.615,24.65,25.4,1334500
2013-06-14,25.37,25.55,24.73,24.99,1591200
2013-06-21,25.22,25.24,24.33,24.81,1575800
2013-06-28,24.51,25.15,24.15,25.0,5083200
2013-07-05,25.07,26.55,24.995,26.05,1695500
2013-07-12,26.12,27.99,25.86,27.56,1673600
2013-07-19,27.55,28.94,27.55,28.44,1024300
2013-07-26,28.45,28.7,27.725,27.84,699300
2013-08-02,27.86,29.38,27.41,28.52,1298600
2013-08-09,28.39,28.55,27.11,28.32,1372400
2013-08-16,28.27,28.65,27.73,28.01,965500
2013-08-23,27.93,29.47,27.54,29.13,697600
2013-08-30,29.25,29.4,26.51,26.63,928500
2013-09-06,26.98,27.49,26.1801,27.17,1099800
2013-09-13,27.24,28.73,27.0314,27.2,1062000
2013-09-20,27.55,28.42,27.194,27.55,1079100
2013-09-27,27.44,27.68,26.15,26.35,1316200
2013-10-04,26.13,27.05,26.031,26.09,1387900
2013-10-11,25.92,27.21,24.9,27.21,1331600
2013-10-18,26.97,27.33,26.63,27.33,911900
2013-10-25,27.42,27.85,26.85,27.34,767400
2013-11-01,27.28,27.8,26.6,27.0,1080500
2013-11-08,27.14,27.71,23.46,24.57,1538500
2013-11-15,24.41,25.0,24.41,24.63,728200
2013-11-22,24.65,24.93,24.21,24.77,792700
2013-11-29,24.8,25.5,24.54,25.03,490400
2013-12-06,24.96,25.19,23.95,25.09,948900
2013-12-13,25.1,25.21,23.47,24.31,888700
2013-12-20,24.39,25.67,24.18,25.65,976300
2013-12-27,25.7,26.69,25.48,26.59,607700
2014-01-03,26.53,26.776,25.55,25.99,480800
2014-01-10,26.25,26.29,25.28,26.26,787900
2014-01-17,26.13,26.49,25.61,25.95,581000
2014-01-24,25.9,26.88,25.47,25.55,768600
2014-01-31,25.66,25.9,23.1,23.93,1113900
2014-02-07,23.93,24.64,22.505,24.48,1936500
2014-02-14,24.41,25.14,24.058,25.07,834000
2014-02-21,25.05,25.6,23.78,24.73,891000
2014-02-28,24.72,25.03,22.81,24.12,1425100
2014-03-07,23.9,24.74,23.64,24.68,1345500
2014-03-14,24.645,25.26,24.57,24.8,1235300
2014-03-21,23.81,24.165,23.24,23.7,9543200
2014-03-28,23.75,24.42,23.371,23.76,1391600
2014-04-04,23.9,24.92,23.77,23.85,1403800
2014-04-11,23.81,24.235,23.5,23.67,1176300
2014-04-17,23.95,24.78,23.83,24.74,796100
2014-04-25,24.7,25.38,23.71,24.02,982100
2014-05-02,24.05,24.37,23.19,24.2,989200
2014-05-09,24.04,24.66,22.48,23.62,1602400
2014-05-16,23.65,24.49,23.1,23.58,1021900
2014-05-23,23.93,24.5,23.5036,24.17,1766600
2014-05-30,24.29,24.86,24.24,24.57,718100
2014-06-06,24.62,25.04,23.72,24.86,967000
2014-06-13,24.79,25.34,23.82,24.6,1040700
2014-06-20,24.48,25.12,24.25,24.93,1528000
2014-06-27,24.96,26.42,24.63,26.41,1963600
2014-07-03,26.4,27.84,26.3,27.78,1209100
2014-07-11,27.65,29.54,27.135,28.57,1861500
2014-07-18,28.83,28.91,27.96,28.64,955700
2014-07-25,28.49,28.76,27.67,28.4,1004600
2014-08-01,28.36,28.36,26.73,26.82,1022500
2014-08-08,27.0,27.33,26.281,27.04,955300
2014-08-15,27.28,27.74,26.58,26.9,853900
2014-08-22,27.19,27.55,26.63,27.1,718900
2014-08-29,27.21,27.36,26.472,26.99,518500
2014-09-05,27.08,27.68,26.92,27.66,532800
2014-09-12,27.56,27.77,27.16,27.4,729200
2014-09-19,27.4,27.83,26.71,26.71,1025600
2014-09-26,26.58,26.69,25.31,25.59,737226
2014-10-03,25.38,25.93,24.54,25.56,740868
2014-10-10,25.6,25.84,24.51,24.64,972236
2014-10-17,24.69,26.25,24.48,26.08,1327393
2014-10-24,25.98,27.33,25.87,26.51,946918
2014-10-31,26.41,28.76,25.98,28.49,1104130
2014-11-07,28.08,29.19,26.985,29.09,1604544
2014-11-14,29.1,35.4,28.95,34.21,2883071
2014-11-21,34.21,34.21,32.696,33.21,1371050
2014-11-28,33.22,36.73,33.21,35.21,890250
2014-12-05,35.06,35.39,34.02,35.16,1379196
2014-12-12,35.15,35.32,33.95,34.74,1148202
2014-12-19,35.02,35.54,32.76,33.21,2952689
2014-12-26,33.31,35.22,33.25,34.98,888738
2015-01-02,35.1,35.32,33.8201,34.14,653208
2015-01-09,34.01,35.74,32.41,34.58,1505709
2015-01-16,34.66,35.6,34.012,34.75,1060009
2015-01-23,34.96,36.58,34.4,36.32,955340
2015-01-30,36.18,36.998,34.67,34.75,1171040
2015-02-06,34.77,38.4,34.32,37.69,1295640
2015-02-13,37.6,38.16,36.28,38.15,1183348
2015-02-20,38.15,38.57,37.33,37.93,951108
2015-02-27,37.93,41.61,37.43,39.47,1827508
2015-03-06,39.48,40.38,38.9001,39.29,1112109
2015-03-13,39.58,41.7,38.92,41.15,1033102
2015-03-20,41.34,42.29,40.12,41.66,1800021
2015-03-27,41.67,42.55,41.06,41.66,1275798
2015-04-02,41.75,42.51,41.25,41.59,676144
2015-04-10,41.33,42.28,41.06,42.01,909084
2015-04-17,42.13,42.38,40.24,40.4,721200
2015-04-24,40.53,42.418,40.172,42.37,969642
2015-05-01,42.73,42.99,40.28,41.18,1040350
2015-05-08,41.55,43.84,41.06,43.02,1021456
2015-05-15,42.96,43.56,41.89,42.92,647130
2015-05-22,43.06,43.58,41.3,41.67,779183
2015-05-29,41.43,41.65,39.79,40.28,699249
2015-06-05,40.45,43.36,40.07,43.18,1033479
2015-06-12,43.22,43.23,41.0,41.49,1112214
2015-06-19,41.28,42.81,40.59,42.57,885189
2015-06-26,42.94,43.17,41.43,41.57,1174791
2015-07-02,41.19,43.05,40.98,42.33,916858
2015-07-10,42.02,42.94,40.95,42.75,908126
2015-07-17,43.03,43.49,41.76,41.95,681104
2015-07-24,42.08,42.29,40.0,40.2,833237
2015-07-31,39.86,41.68,38.88,41.42,1182686
2015-08-07,41.48,43.8,39.99,40.24,1345779
2015-08-14,40.47,41.27,40.1,40.79,588543
2015-08-21,40.73,41.27,38.1952,38.78,889471
2015-08-28,36.73,37.99,35.03,37.8,1816231
2015-09-04,37.54,38.08,35.62,35.76,1086229
2015-09-11,36.29,37.185,35.93,37.04,775694
2015-09-18,37.29,38.275,36.41,37.53,1316042
2015-09-25,37.91,38.32,36.21,37.33,1283009
2015-10-02,37.11,39.41,36.81,39.41,1508295
2015-10-09,39.75,43.91,39.284,43.12,1635976
2015-10-16,43.27,45.33,43.11,44.98,1755164
2015-10-23,44.67,48.13,44.58,47.94,1355730
2015-10-30,47.72,47.89,44.32,45.83,1390498
2015-11-06,45.9,53.18,45.74,52.82,2485009
2015-11-13,52.95,52.98,50.15,50.22,1332580
2015-11-20,50.26,52.6,49.905,52.27,949861
2015-11-27,52.0,52.98,51.014,52.73,690257
2015-12-04,52.97,52.97,48.61,48.84,1507864
2015-12-11,48.8,49.0299,43.82,44.33,1801397
2015-12-18,44.73,45.1,42.05,42.1,1806062
2015-12-24,42.41,44.02,42.26,43.7,806597
2015-12-31,43.65,43.95,42.59,42.63,664581
2016-01-08,42.15,42.64,38.59,38.7,1122085
2016-01-15,38.78,38.96,35.8843,37.09,1288131
2016-01-22,37.63,38.09,35.83,37.68,1001434
2016-01-29,37.47,40.48,37.15,40.41,1386340
2016-02-05,40.0,40.72,38.935,39.5,1458367
2016-02-12,39.06,40.52,38.31,39.87,1547377
2016-02-19,40.43,43.24,40.34,41.12,951207
2016-02-26,41.6,41.94,34.55,39.87,2788325
2016-03-04,39.87,40.68,38.17,39.2,1513690
2016-03-11,38.92,39.68,37.05,37.89,1366129
2016-03-18,37.89,40.63,37.51,40.26,1365758
2016-03-24,40.2,40.26,38.522,39.37,644364
2016-04-01,39.52,40.39,38.01,39.61,942424
2016-04-08,39.61,39.93,35.34,36.2,1424018
2016-04-15,36.45,38.24,35.8,38.05,1544886
2016-04-22,37.78,38.67,37.28,38.53,1294684
2016-04-29,38.49,39.84,37.645,38.88,1129694
2016-05-06,39.02,39.71,32.04,32.76,3105057
2016-05-13,32.85,33.61,30.7,31.21,1351440
2016-05-20,31.2,32.17,30.54,31.79,1403642
2016-05-27,31.69,33.12,31.03,33.06,1212975
2016-06-03,33.16,33.92,32.75,32.98,1201196
2016-06-10,32.95,34.13,32.77,33.28,2007494
2016-06-17,33.23,33.8,32.43,32.96,1108131
2016-06-24,33.27,34.23,32.48,33.1,1468252
2016-07-01,32.63,33.5,31.25,33.38,1664829
2016-07-08,33.35,33.82,32.08,33.76,815202
2016-07-15,33.78,35.45,33.49,35.01,1355666
2016-07-22,34.88,37.32,34.73,36.51,1275258
2016-07-29,36.36,37.53,35.58,37.37,865144
2016-08-05,37.33,38.28,35.53,36.35,1737287
2016-08-12,36.44,36.76,35.778,36.55,855386
2016-08-19,36.65,37.79,36.102,36.42,682621
2016-08-26,36.28,37.17,35.9817,36.37,687933
2016-09-02,36.61,43.0,36.35,42.04,1998649
2016-09-09,41.97,42.0,38.18,38.19,1464466
2016-09-16,38.19,39.08,37.29,37.88,1617583
2016-09-23,38.21,40.42,38.2,40.06,885116
2016-09-30,39.81,40.42,39.1901,39.88,971843
2016-10-07,39.65,41.18,39.11,39.81,1184377
2016-10-14,39.85,41.24,39.85,40.07,845163
2016-10-21,40.02,40.885,39.96,40.63,444599
2016-10-28,40.81,41.53,38.96,39.35,644412
2016-11-04,39.35,40.67,39.18,39.8,898194
2016-11-11,40.07,42.0,28.7901,36.48,4477830
2016-11-18,36.85,39.2,36.83,37.55,1782723
2016-11-25,37.61,39.45,37.13,39.39,689733
2016-12-02,39.22,39.4,36.32,37.09,1238545
2016-12-09,37.5,40.26,37.09,39.26,1574996
2016-12-16,39.28,39.425,36.88,37.51,2890077
2016-12-23,37.71,37.8681,35.75,35.87,912586
2016-12-30,35.84,36.23,35.13,35.39,431357
2017-01-06,35.86,36.85,35.1,36.28,850011
2017-01-13,36.77,37.04,35.01,36.18,729971
2017-01-20,35.75,36.61,35.16,36.51,788396
2017-01-27,36.5,37.32,35.08,36.75,812432
2017-02-03,36.43,36.43,34.09,35.41,979283
2017-02-10,35.23,36.54,34.21,36.5,677363
2017-02-17,36.56,37.03,35.34,36.0,1085479
2017-02-24,36.04,36.84,31.75,33.38,2915346
2017-03-03,33.5,35.14,33.19,34.1,1624109
2017-03-10,33.94,34.15,31.75,32.38,931395
2017-03-17,32.44,32.875,32.02,32.63,1584644
2017-03-24,32.61,32.66,30.33,30.59,1490764
2017-03-31,30.0,31.8925,30.0,31.76,928635
2017-04-07,31.77,32.06,30.62,31.22,1348892
2017-04-13,31.1,32.08,30.73,30.74,708934
2017-04-21,30.86,32.05,30.4701,31.59,758714
2017-04-28,32.35,32.88,31.67,31.7,612800
2017-05-05,31.72,34.28,30.77,32.85,1271144
2017-05-12,32.85,32.85,30.17,30.54,946155
2017-05-19,30.66,31.0723,28.24,29.44,1053486
2017-05-26,29.58,30.54,29.45,30.03,719944
2017-06-02,29.98,31.27,28.83,30.37,719230
2017-06-09,30.25,30.95,28.88,30.36,884425
2017-06-16,30.42,31.48,29.23,30.17,838533
2017-06-23,30.32,30.56,28.07,28.63,1130515
2017-06-30,28.64,30.42,28.075,30.04,1056364
2017-07-07,30.17,30.92,29.73,30.26,730746
2017-07-14,30.13,30.72,29.45,30.12,776479
2017-07-21,30.18,30.37,29.32,29.62,628449
2017-07-28,29.48,30.305,27.9,28.4,1102081
2017-08-04,28.49,30.52,28.0,30.27,1324827
2017-08-11,30.43,31.05,28.58,29.28,915470
2017-08-18,29.49,30.685,21.63,22.79,2828090
2017-08-25,23.61,24.5,23.01,24.19,2414616
2017-09-01,24.36,26.42,24.0,26.08,1752530
2017-09-08,26.0,26.26,25.5493,26.04,813506
2017-09-15,26.22,26.55,25.67,25.99,1636566
2017-09-22,26.04,30.48,25.75,26.35,1981820
2017-09-29,26.35,28.78,26.33,28.18,1451751
2017-10-06,28.3,29.3677,27.5,27.71,1194296
2017-10-13,27.72,28.38,27.38,27.64,815037
2017-10-20,27.94,27.94,26.82,27.31,819583
2017-10-27,27.23,27.67,26.56,27.64,773785
2017-11-03,27.56,29.83,26.7,28.9,1482916
2017-11-10,29.27,30.32,27.38,27.47,1792310
2017-11-17,27.31,27.97,26.55,27.44,1638944
2017-11-24,27.67,28.14,27.22,28.06,539002
2017-12-01,28.01,29.81,27.25,29.15,1006754
2017-12-08,29.56,30.18,28.155,28.52,1056311
2017-12-15,28.48,29.02,27.73,28.81,1559275
2017-12-22,29.2,30.53,29.0,30.33,856118
2017-12-29,30.32,30.63,29.79,29.84,579150
2018-01-05,30.1,30.92,29.16,29.44,904717
2018-01-12,29.54,31.94,29.31,31.7,895768
2018-01-19,31.86,32.16,30.3,30.92,579042
2018-01-26,30.99,31.56,30.41,31.2,891499
2018-02-02,34.14,40.32,33.9,34.41,3303033
2018-02-09,34.32,36.34,33.13,34.42,1726132
2018-02-16,34.54,35.98,34.03,34.9,1265574
2018-02-23,35.0,35.64,28.62,29.71,2123830
2018-03-02,29.73,30.52,28.02,28.68,2063130
2018-03-09,28.53,30.11,28.3,30.02,966470
2018-03-16,30.02,30.75,29.45,30.4,1430719
2018-03-23,30.41,30.98,28.28,28.33,1326068
2018-03-29,28.76,29.08,27.94,28.64,769802
2018-04-06,28.46,29.27,27.73,28.23,755314
2018-04-13,28.38,28.97,27.78,28.69,604123
2018-04-20,28.95,30.27,28.73,29.12,610499
2018-04-27,29.25,29.76,28.27,29.27,924441
2018-05-04,29.37,31.46,28.75,31.23,1119358
2018-05-11,31.45,33.92,31.05,33.69,856361
2018-05-18,33.72,34.24,33.15,33.93,814518
2018-05-25,34.2,35.17,33.98,34.67,553458
2018-06-01,34.4,35.16,33.87,34.29,843816
2018-06-08,34.5,36.65,34.29,35.97,1193688
2018-06-15,35.91,38.89,35.91,38.77,1575640
2018-06-22,38.6,39.74,37.82,38.92,1408043
2018-06-29,38.89,38.89,36.89,38.38,915826
2018-07-06,37.95,39.6,37.95,38.97,699826
2018-07-13,39.0,39.28,37.23,37.48,1446531
2018-07-20,37.65,37.89,36.33,36.65,868201
2018-07-27,36.6,36.9,35.12,35.31,881893
2018-08-03,35.28,36.98,35.02,35.67,1184498
2018-08-10,35.71,36.37,35.55,35.91,767563
2018-08-17,35.9,36.52,35.36,36.2,530794
2018-08-24,36.49,37.9,36.09,36.52,944966
2018-08-31,36.53,37.44,36.4,37.36,685202
2018-09-07,37.3,37.81,36.02,36.23,544044
2018-09-14,36.3,37.99,36.3,37.64,895360
2018-09-21,37.67,39.03,36.85,38.8,1129636
2018-09-28,38.65,40.08,37.98,39.64,1056202
2018-10-05,39.83,40.6,39.17,39.78,1720092
2018-10-12,39.87,40.06,36.94,37.69,1285912
2018-10-19,37.54,38.55,35.93,36.09,1196768
2018-10-26,36.19,36.74,32.77,33.61,1259637
2018-11-02,34.03,36.26,33.37,35.9,1019537
2018-11-09,35.99,41.96,35.65,40.46,1575968
2018-11-16,40.53,41.3,39.05,41.18,882134
2018-11-23,41.12,41.31,37.46,38.64,641609
2018-11-30,39.06,40.39,38.61,39.35,1256257
2018-12-07,39.8,40.46,35.89,36.18,1052567
2018-12-14,36.03,37.15,34.38,34.59,874539
2018-12-21,34.4,35.11,31.11,31.25,2201225
2018-12-28,31.04,33.04,30.6,32.25,782415
2019-01-04,32.6,32.98,31.4,32.53,595956
2019-01-11,32.48,34.16,32.48,33.3,636805
2019-01-18,32.94,34.49,32.5,34.34,670386
2019-01-25,33.95,34.3,32.95,33.37,435906
2019-02-01,32.89,34.07,32.55,33.63,614211
2019-02-08,33.57,33.9,31.66,32.04,590234
2019-02-15,32.28,35.1,31.91,34.8,941298
2019-02-22,34.64,35.83,32.5425,34.78,965362
2019-03-01,35.64,37.93,35.44,36.32,992180
2019-03-08,36.28,36.39,34.46,35.14,1123135
2019-03-15,35.39,37.14,35.2,36.49,1330035
2019-03-22,36.61,37.14,35.14,35.28,1107521
2019-03-29,35.09,36.79,34.93,36.09,1028733
2019-04-05,36.47,38.37,36.43,38.06,687330
2019-04-12,37.93,39.59,37.24,39.5,670925
2019-04-18,39.67,39.95,39.19,39.3,394793
2019-04-26,39.36,39.56,37.39,37.85,479676
2019-05-03,38.01,40.28,37.5,40.16,1080571
2019-05-10,39.43,40.0,36.43,38.6,809415
2019-05-17,37.75,40.09,37.32,39.63,702318
2019-05-24,39.35,40.07,36.17,36.76,626300
2019-05-31,36.81,36.88,34.09,34.22,515071
2019-06-07,34.27,36.43,34.12,35.91,531310
2019-06-14,36.02,37.51,36.02,36.6,484261
2019-06-21,36.91,38.45,36.59,37.04,621722
2019-06-28,37.11,39.16,36.18,38.85,1300102
2019-07-05,39.5,39.69,37.49,38.55,374960
2019-07-12,38.36,38.53,37.48,37.7,705367
2019-07-19,37.78,40.38,37.65,39.63,546496
2019-07-26,39.75,41.33,39.44,40.7,514348
2019-08-02,40.49,42.16,38.48,38.87,889621
2019-08-09,38.01,38.1,33.69,35.83,917110
2019-08-16,35.52,36.9,34.72,35.98,851661
2019-08-23,36.59,37.28,34.64,34.75,682001
2019-08-30,35.29,35.86,34.34,35.53,477002
2019-09-06,34.98,38.09,34.27,37.69,775346
2019-09-13,37.91,41.17,37.1,40.8,823800
2019-09-20,40.74,41.04,38.28,38.52,1125051
2019-09-27,38.21,38.81,37.71,37.72,651954
2019-10-04,37.7,37.99,34.23,36.14,1020951
2019-10-11,35.92,37.32,35.64,36.79,724433
2019-10-18,36.58,38.25,36.12,37.92,598517
2019-10-25,38.43,39.63,38.08,38.97,512732
2019-11-01,39.36,39.99,37.24,38.83,700929
2019-11-08,39.35,42.15,37.44,38.54,1038115
2019-11-15,38.12,39.7,36.42,36.59,741102
2019-11-22,36.35,37.8,36.07,37.1,628194
2019-11-29,37.48,38.6,37.37,37.74,487332
2019-12-06,37.82,37.9,36.11,37.57,612194
2019-12-13,37.39,38.14,36.8,37.28,684702
2019-12-20,37.98,41.31,37.98,40.86,1781701
2019-12-27,40.83,41.29,40.43,41.1,378615
2020-01-03,41.01,41.84,39.49,39.73,620787
2020-01-10,39.32,39.39,38.18,38.39,496694
2020-01-17,38.41,40.6,38.36,40.07,581640
2020-01-24,39.82,39.93,38.35,39.2,778051
2020-01-31,38.18,39.29,35.67,36.01,988975
2020-02-07,36.25,37.2,35.76,36.3,554791
2020-02-14,36.21,37.38,36.1,36.45,556178
2020-02-21,36.39,38.3,36.39,37.92,363406
2020-02-28,36.67,37.21,31.51,33.21,1945380
2020-03-06,33.32,33.86,31.35,32.34,977567
2020-03-13,30.45,31.74,26.36,31.47,1456088
2020-03-20,26.0,37.62,26.0,30.91,1859194
2020-03-27,31.29,32.5,27.63,29.91,1366236
2020-04-03,30.53,30.89,27.52,28.25,1247504
2020-04-09,27.32,29.65,27.32,29.28,960228
2020-04-17,29.14,29.5,26.06,27.94,1094306
2020-04-24,27.51,28.79,26.13,28.53,1050804
2020-05-01,29.02,32.46,28.77,29.41,1206203
2020-05-08,28.93,30.13,25.72,28.13,1216366
2020-05-15,27.6,28.1,23.75,24.92,1582474
2020-05-22,26.02,27.45,25.94,26.53,967319
2020-05-29,27.36,30.92,27.36,28.57,975820
2020-06-05,28.77,34.34,28.5,33.76,1224663
2020-06-12,34.48,34.67,29.07,29.71,1111723
2020-06-19,28.68,31.33,28.57,29.38,932678
2020-06-26,29.06,29.39,27.01,27.47,1054140
2020-07-02,28.04,29.91,27.92,28.42,851047
2020-07-10,29.22,38.48,27.31,36.49,3241743
2020-07-17,37.47,38.16,34.72,37.92,1709298
2020-07-24,37.49,38.21,35.06,35.19,971996
2020-07-31,34.97,36.56,34.78,36.42,1020544
2020-08-07,36.76,41.23,35.52,38.89,1456857
2020-08-14,38.95,41.47,38.95,40.13,1049488
2020-08-21,40.11,41.14,39.81,40.48,1451260
2020-08-28,40.85,42.08,40.32,40.79,731826
2020-09-04,40.78,41.67,39.46,40.27,866420
2020-09-11,39.97,39.97,38.36,38.76,761694
2020-09-18,39.03,42.6,38.5972,41.75,1594516
2020-09-25,40.92,40.93,36.78,38.12,1125190
2020-10-02,38.52,41.135,38.52,40.8,950345
2020-10-09,41.03,52.78,40.8,51.37,1415079
2020-10-16,51.95,52.94,48.97,50.45,971088
2020-10-23,50.58,52.33,49.56,52.27,648454
2020-10-30,51.64,53.71,50.095,51.95,1065219
2020-11-06,52.32,58.34,51.21,55.59,1470543
2020-11-13,60.11,61.69,55.06,57.25,1565597
2020-11-20,58.65,60.21,56.33,58.38,1342058
2020-11-27,58.39,62.0,57.95,58.8,650136
2020-12-04,58.61,59.56,57.47,58.2,1160374
2020-12-11,58.1,59.62,55.93,57.96,1074163
2020-12-18,58.84,59.64,56.35,58.23,2319555
2020-12-24,57.0,57.73,55.6388,57.26,561523
2020-12-31,57.71,58.63,55.4063,56.97,516163
2021-01-08,57.25,65.035,55.73,61.54,1289541
2021-01-15,61.54,70.04,61.54,65.04,1326887
2021-01-22,65.99,68.38,64.875,67.59,887516
2021-01-29,67.59,67.93,59.73,59.8,1058507
2021-02-05,60.4,64.5,58.49,64.46,636876
2021-02-12,65.01,72.17,64.45,71.8,1050217
2021-02-19,73.23,74.32,69.81,74.1,895369
2021-02-26,73.4,79.05,67.75,69.27,1351055
2021-03-05,73.0,75.74,70.22,73.67,1749855
2021-03-12,75.17,79.04,73.67,76.99,1857054
2021-03-19,76.5,76.88,72.5,74.31,1606159
2021-03-26,74.65,75.1,64.095,67.71,1780945
2021-04-01,67.16,68.92,65.66,67.32,1349704
2021-04-09,68.54,73.51,67.347,73.31,2200260
2021-04-16,73.1,73.185,67.7701,69.6,1544119
2021-04-23,70.0,70.95,65.96,67.92,1726172
2021-04-30,68.93,69.6899,65.3,65.33,1704159
2021-05-07,66.05,67.8,64.725,66.39,1354668
2021-05-14,66.3,67.08,59.646,63.03,1322091
2021-05-21,62.88,63.86,61.36,62.48,1095933
2021-05-28,63.46,65.48,61.71,64.65,1095953
2021-06-04,65.1,65.62,61.61,62.87,923740
2021-06-11,63.31,64.87,62.61,64.79,1019938
2021-06-18,64.99,65.58,60.75,61.27,2027868
2021-06-25,61.8,67.63,61.4249,65.4,1987593
2021-07-02,65.99,66.49,63.3,63.99,1606066
2021-07-09,64.4,68.14,62.34,68.12,1542874
2021-07-16,67.29,67.65,64.04,65.34,2160495
2021-07-23,63.51,67.32,62.555,65.13,1377811
2021-07-30,65.43,67.58,63.32,67.12,1052139
2021-08-06,67.25,71.4999,67.05,71.23,1669518
2021-08-13,70.78,75.65,69.99,73.07,1330240
2021-08-20,73.46,76.21,71.0,73.07,1324804
2021-08-27,73.64,78.91,72.87,78.78,1300573
2021-09-03,79.49,84.07,77.89,83.35,1731318
2021-09-10,83.5,87.99,83.0,86.64,1381026
2021-09-17,87.34,87.34,82.17,83.12,1843952
2021-09-24,80.0,82.68,78.6648,81.06,1105629
2021-10-01,80.65,83.7201,79.93,82.6,1032831
2021-10-08,81.75,84.3699,80.61,82.14,1087682
2021-10-15,82.51,91.7899,80.8,82.82,2186283
2021-10-22,83.06,84.72,81.9505,84.24,1243360
2021-10-29,84.48,86.4014,82.38,83.28,956737
2021-11-05,83.88,94.0899,81.6701,89.5,1520691
2021-11-12,90.41,94.54,89.63,94.03,992029
2021-11-19,94.16,94.18,88.0776,90.55,1250797
2021-11-26,91.4,91.64,83.2912,83.75,1071730
2021-12-03,84.77,85.1299,78.72,81.21,1493939
2021-12-10,82.63,86.85,81.68,83.84,1435226
2021-12-17,83.59,84.69,79.86,81.45,2868016
2021-12-23,80.58,84.26,77.3,83.65,1132777
2021-12-31,83.65,90.49,82.34,90.03,982991
2022-01-07,90.92,93.175,87.76,87.83,1017564
2022-01-14,87.34,89.79,85.01,87.09,1394639
2022-01-21,86.5,93.97,84.48,91.02,1679506
2022-01-28,89.8,99.195,87.04,98.09,2659777
2022-02-04,98.2,101.72,88.26,89.96,3331535
2022-02-11,90.1,93.08,85.7201,86.37,2057452
2022-02-18,85.83,99.23,84.48,97.19,2585538
2022-02-25,96.09,110.0,95.41,109.03,2483884
2022-03-04,107.25,112.39,103.751,107.02,2483477
2022-03-11,106.82,109.23,102.35,108.29,1878785
2022-03-18,110.59,120.58,110.59,120.37,3537618
2022-03-25,120.74,123.42,116.5101,121.47,1370224
2022-04-01,121.47,125.34,114.76,115.55,2153737
2022-04-08,115.99,116.3499,86.35,87.07,4912865
2022-04-14,86.52,88.93,85.155,87.43,2146476
2022-04-22,87.13,97.34,86.91,87.33,3182804
2022-04-29,86.36,90.3004,80.78,86.02,2737659
2022-05-06,86.29,95.5,85.98,90.14,3114949
2022-05-13,88.82,90.51,84.18,88.15,2271770
2022-05-20,88.39,92.33,83.54,84.69,2296152
2022-05-27,85.79,90.3599,84.81,89.73,1753388
2022-06-03,89.53,93.38,87.82,93.15,1192010
2022-06-10,93.46,95.515,78.45,79.84,2522888
2022-06-17,77.97,83.0,71.66,72.6,3085565
2022-06-24,74.33,75.22,68.73,72.52,1962588
2022-07-01,74.12,75.94,71.08,73.54,1797932
2022-07-08,72.04,74.39,68.36,72.86,1249249
2022-07-15,72.81,76.14,70.2372,75.99,1085394
2022-07-22,76.9,87.92,76.5301,84.68,1757253
2022-07-29,85.63,92.0,84.25,91.67,1164067
2022-08-05,91.99,92.1,77.5,82.99,2301954
2022-08-12,83.0,88.15,81.59,87.54,1271408
2022-08-19,85.09,86.295,80.62,82.16,1282449
2022-08-26,80.53,83.68,78.28,78.32,1196022
2022-09-02,77.33,77.51,71.485,72.61,1868826
2022-09-09,72.37,74.38,70.86,74.38,1628964
2022-09-16,75.16,75.8,66.75,69.39,2867846
2022-09-23,68.26,69.61,61.91,63.57,2531775
2022-09-30,63.38,64.44,60.35,61.52,2324805
2022-10-07,62.14,67.51,61.56,65.21,2312836
2022-10-14,65.57,70.07,64.28,69.48,1931018
2022-10-21,70.33,74.42,66.91,69.35,2603607
2022-10-28,70.05,75.1499,69.36,72.64,1656764
2022-11-04,72.23,75.21,67.36,70.1,2105675
2022-11-11,70.6,73.97,65.3625,72.89,1591397
2022-11-18,72.46,73.0,62.9,63.88,2332223
2022-11-25,63.09,65.63,63.0,64.31,760171
2022-12-02,63.03,64.6594,60.94,64.5,1295386
2022-12-09,64.09,64.18,59.53,60.3,1628339
2022-12-16,60.5,63.98,59.8,61.21,2748090
2022-12-23,61.14,65.39,58.3001,64.48,2046477
2022-12-30,64.48,64.64,62.23,62.51,912588
2023-01-06,63.31,64.67,61.09,63.95,1133154
2023-01-13,64.49,64.9,61.95,63.48,1261501
2023-01-20,63.36,65.245,58.06,63.48,1563630
2023-01-27,63.42,64.57,61.85,63.97,1309620
2023-02-03,63.21,71.43,62.82,71.28,1696079
2023-02-10,71.1,71.1,67.21,68.32,997806
2023-02-17,68.06,70.455,67.42,70.07,1164422
2023-02-24,69.16,69.57,61.79,67.71,1638438
2023-03-03,68.56,69.78,66.07,66.3,1434573
2023-03-10,66.3,66.61,61.38,61.96,1336735
2023-03-17,60.55,64.49,58.4,60.0,2416239
2023-03-24,60.98,63.32,58.215,59.29,1351349
2023-03-31,60.13,61.4,59.29,59.67,1837967
2023-04-06,59.42,60.31,56.51,56.83,1292365
2023-04-14,56.8,64.06,56.74,63.07,1859759
2023-04-21,63.26,69.83,61.84,65.43,1712947
2023-04-28,65.08,69.1,61.51,68.03,1410101
2023-05-05,67.61,68.58,62.7101,67.47,1621328
2023-05-12,68.14,68.71,64.215,65.21,1029319
2023-05-19,65.26,70.99,64.925,70.53,1316407
2023-05-26,70.45,72.11,68.94,71.86,1300944
2023-06-02,72.24,72.9399,67.97,72.55,1185062
2023-06-09,71.6,76.73,70.34,75.31,1159977
2023-06-16,74.6,76.525,72.935,73.5,2571703
2023-06-23,73.8,74.71,72.2,74.04,1505125
2023-06-30,74.21,78.3483,74.04,77.73,1020697
2023-07-07,77.32,79.44,74.035,76.19,823822
2023-07-14,76.22,79.415,76.03,78.71,824467
2023-07-21,78.17,94.275,77.97,88.32,1691468
2023-07-28,87.69,93.77,87.54,93.66,1110117
2023-08-04,93.66,96.86,91.1171,95.78,1040172
2023-08-11,96.06,97.4899,93.455,94.11,659608
2023-08-18,93.52,95.46,88.06,88.37,1145708
2023-08-25,88.39,89.17,85.35,87.01,1190336
2023-09-01,87.48,90.09,86.35,89.05,737436
2023-09-08,87.5,87.5,83.8,85.01,733585
2023-09-15,85.41,87.77,84.67,86.36,1492070
2023-09-22,86.77,88.525,85.73,87.5,714626
2023-09-29,87.17,90.95,87.05,88.72,921116
2023-10-06,88.51,91.02,86.35,89.25,925617
2023-10-13,89.02,91.76,87.93,88.49,544903
2023-10-20,89.22,92.365,86.44,87.05,836638
2023-10-27,86.73,96.0293,85.3,89.12,1012018
2023-11-03,89.99,91.17,82.6831,88.65,1002913
2023-11-10,88.21,91.535,88.03,90.91,1147003
2023-11-17,91.11,96.14,90.6,95.1,956656
2023-11-24,95.05,97.72,95.05,96.13,577383
2023-12-01,96.22,98.1083,93.75,98.07,1072867
2023-12-08,97.28,99.73,95.325,98.96,1271610
2023-12-15,98.37,104.45,94.58,101.65,4878598
2023-12-22,102.67,114.55,102.55,111.85,2447358
2023-12-29,111.69,111.69,109.175,109.6,670448
2024-01-05,109.31,117.88,109.3,114.82,1380308
2024-01-12,113.95,114.27,109.79,113.23,1181499
2024-01-19,113.19,119.67,112.23,119.6,841567
2024-01-26,119.88,122.45,113.26,114.4,1383042
2024-02-02,114.75,115.93,109.616,113.14,1428415
2024-02-09,112.28,119.96,111.972,119.58,1070756
2024-02-16,119.62,122.99,116.925,117.02,1244116
2024-02-23,116.04,117.9299,105.79,116.37,1739824
2024-03-01,115.87,115.94,107.795,110.22,1667877
2024-03-08,109.58,111.36,105.01,106.01,1567050
2024-03-15,105.88,110.35,104.625,105.29,1563248
2024-03-22,105.31,108.78,101.6491,108.04,1143001
2024-03-28,108.89,113.855,108.36,112.4,816163
2024-04-05,112.38,112.785,105.26,111.42,1111660
2024-04-12,112.06,114.7,107.0,110.83,1028486
2024-04-19,111.39,112.48,104.52,106.22,1026616
2024-04-26,106.72,110.67,105.99,108.94,965826
2024-05-03,109.52,113.88,100.5,113.36,1604515
2024-05-10,113.0,116.16,110.6,116.14,1205132
2024-05-17,116.94,117.32,114.31,116.28,881413
2024-05-24,116.04,121.085,114.03,120.65,1188962
2024-05-31,121.87,129.46,120.29,128.2,1367488
2024-06-07,129.06,129.06,120.77,121.89,1301483
2024-06-14,120.23,124.35,117.785,118.94,971494
2024-06-21,118.75,127.23,118.44,126.15,1590861
2024-06-28,127.35,133.53,126.81,130.97,1530371
2024-07-05,130.97,131.47,127.6,128.22,760290
2024-07-12,128.46,128.46,121.76,124.9,1522624
2024-07-19,125.98,133.875,125.22,127.53,1635480
2024-07-26,128.16,130.71,127.05,130.36,1460338
2024-08-02,131.17,136.31,127.62,131.46,1799585
2024-08-09,124.54,131.16,123.22,129.19,1671231
2024-08-16,129.74,132.34,128.39,131.31,921508
2024-08-23,131.43,137.2925,130.66,135.74,999932
2024-08-30,137.03,138.84,134.06,138.3,1258065
2024-09-06,136.7,137.165,125.165,125.62,1363351
2024-09-13,125.91,132.86,123.29,132.63,1477819
2024-09-20,133.07,140.91,128.76,134.72,3359756
2024-09-27,134.38,144.895,134.38,141.93,1489922
2024-10-04,142.21,144.93,133.07,137.37,1317720
2024-10-11,136.24,137.49,132.82,137.05,985566
2024-10-18,136.41,138.38,133.52,136.27,771107
2024-10-25,137.08,137.08,130.85,133.31,724936
2024-11-01,133.35,155.965,132.315,153.51,1754795
2024-11-08,154.11,167.94,153.875,165.64,1765471
2024-11-15,166.19,169.12,160.28,160.65,1199344
2024-11-22,157.72,159.2,150.33,153.95,1042778
2024-11-29,156.11,158.16,152.46,153.18,1079318
2024-12-06,154.48,156.95,149.59,151.14,1257263
2024-12-13,151.78,152.065,143.07,146.22,1092127
2024-12-20,145.57,146.09,135.65,136.89,2100484
2024-12-27,136.1,139.5,134.77,136.54,457240
2025-01-03,136.04,140.565,134.14,140.11,770982
2025-01-10,140.28,143.47,134.34,136.59,859428
2025-01-17,135.11,144.71,135.11,137.62,1204860
2025-01-24,138.14,139.6482,135.39,136.32,882174
2025-01-31,136.29,143.095,136.29,141.85,1088287
2025-02-07,139.11,139.11,134.57,136.2,1315617
2025-02-14,137.0,146.87,136.5,146.32,1516986
2025-02-21,146.5,150.58,139.38,142.9,1615630
2025-02-28,142.97,154.23,139.87,144.07,2124200
2025-03-07,143.52,145.0,132.17,133.43,1830237
2025-03-14,132.15,133.57,128.14,130.1,1448092
2025-03-21,128.24,130.42,125.09,129.23,3768417
2025-03-28,131.05,133.95,126.73,127.06,1161730
2025-04-04,125.79,132.75,107.285,112.16,1731881
2025-04-11,108.0,115.6675,98.835,102.41,3788752
2025-04-17,105.0,105.0,96.7175,98.32,1740416
2025-04-25,97.52,104.34,92.895,102.38,2121917
2025-05-02,102.9,115.09,102.9,113.14,2865770
2025-05-09,111.56,112.33,91.7459,96.21,4724844
2025-05-16,110.25,121.0,109.18,114.97,4627875
2025-05-23,114.71,118.705,106.9001,109.19,1690315
2025-05-30,110.89,113.93,110.17,112.85,1548424
2025-06-06,112.08,114.8017,109.98,113.08,1713207
2025-06-13,113.99,117.0,112.23,112.46,1774045
2025-06-20,113.97,113.97,108.385,109.86,1516789
2025-06-27,109.77,112.54,107.6,111.98,1698275
2025-07-03,112.36,116.545,109.63,113.15,1411234
2025-07-11,112.32,116.605,110.195,116.3,1822833
2025-07-18,115.72,115.72,103.4,104.42,1994239
2025-07-25,105.1,109.86,104.05,109.41,1746844
2025-08-01,109.88,114.49,105.51,108.1,2590989
2025-08-08,107.91,114.24,107.3,107.44,1778446
2025-08-15,107.11,110.09,103.23,104.98,1808127
2025-08-22,104.59,108.29,100.51,106.31,1874880
2025-08-29,106.0,107.51,103.2,104.05,1244189
2025-09-05,102.0,105.995,100.28,105.56,1324569
2025-09-12,105.83,106.46,101.539,103.34,1281092
2025-09-19,104.47,109.7,103.44,103.76,2520732
2025-09-26,103.68,105.93,102.01,102.78,1058555
2025-10-03,103.06,103.06,97.13,100.39,1431043
2025-10-10,101.08,101.08,86.97,88.05,2068412
2025-10-17,89.46,95.96,88.495,94.49,2068381
2025-10-24,94.62,95.595,92.64,93.22,1128539
2025-10-31,94.22,101.38,94.195,100.95,1912404
2025-11-07,100.53,114.44,97.63,110.86,2575935
2025-11-14,111.71,112.25,104.79,106.84,1792002
2025-11-21,106.74,107.74,101.98,105.21,1588655
2025-11-28,105.06,111.19,104.285,108.98,1105128
2025-12-05,108.46,116.5,108.46,116.39,1451946
2025-12-12,117.37,123.49,114.7869,119.39,1503646
2025-12-19,120.28,129.475,119.98,124.68,2869625
2025-12-26,124.46,125.87,122.13,125.03,851452
2026-01-02,125.21,125.545,122.34,123.71,704659
2026-01-09,123.61,133.21,123.61,132.0,1506223
2026-01-16,130.72,147.44,129.36,146.26,1706676
2026-01-23,144.8,162.225,144.075,158.94,1702672
2026-01-30,158.99,161.95,156.9,160.3,1322558
2026-02-06,160.17,169.2,158.23,162.94,1646117
2026-02-13,162.15,165.5,153.82,162.18,1123008
2026-02-20,163.3,168.96,162.26,167.75,905902
2026-02-27,167.0,177.51,161.305,166.13,1762700
2026-03-06,165.22,171.71,151.695,152.99,1790240
2026-03-13,148.67,159.2,143.6406,149.74,1806454
2026-03-20,151.86,160.41,150.03,155.07,1969943
