date,temperature_2m_max,rain_sum,wind_speed_10m_max
1999-11-12 00:00:00+00:00,27.150000000000002,50.4,29.77850114285714
1999-11-19 00:00:00+00:00,27.321428571428573,8.7000005,30.585758714285713
1999-11-26 00:00:00+00:00,27.335714285714285,4.4000001,32.19526628571428
1999-12-03 00:00:00+00:00,27.135714285714283,5.5000003,32.868652714285716
1999-12-10 00:00:00+00:00,26.7,2.0,24.767941571428572
1999-12-17 00:00:00+00:00,26.892857142857142,7.0000004,23.831255571428574
1999-12-24 00:00:00+00:00,26.37857142857143,6.5000008000000005,28.702493
1999-12-31 00:00:00+00:00,25.771428571428572,5.4,32.91424685714286
2000-01-07 00:00:00+00:00,25.557142857142857,3.6999998499999998,34.38710628571429
2000-01-14 00:00:00+00:00,25.24285714285714,5.4000003,27.235105
2000-01-21 00:00:00+00:00,25.27857142857143,7.70000035,41.186644
2000-01-28 00:00:00+00:00,24.87857142857143,7.9000001,33.94409814285714
2000-02-04 00:00:00+00:00,25.37857142857143,2.1,30.820972
2000-02-11 00:00:00+00:00,25.37857142857143,2.6000000500000002,23.655621571428572
2000-02-18 00:00:00+00:00,25.92142857142857,4.1000001,23.288979285714284
2000-02-25 00:00:00+00:00,25.664285714285715,5.4000001,28.07869042857143
2000-03-03 00:00:00+00:00,25.385714285714283,0.0,25.827380714285713
2000-03-10 00:00:00+00:00,26.142857142857142,2.80000005,32.277789285714285
2000-03-17 00:00:00+00:00,25.857142857142858,56.1000007,34.47155171428572
2000-03-24 00:00:00+00:00,26.24285714285714,3.5000002,32.30057171428571
2000-03-31 00:00:00+00:00,26.55,3.60000014,29.040768857142858
2000-04-07 00:00:00+00:00,26.67142857142857,2.6000000500000002,22.773362
2000-04-14 00:00:00+00:00,26.978571428571428,12.6999996,23.910754857142855
2000-04-21 00:00:00+00:00,26.978571428571428,18.8000005,17.446095
2000-04-28 00:00:00+00:00,27.264285714285712,1.4,23.712396428571427
2000-05-05 00:00:00+00:00,27.45,46.59999904,22.923797428571426
2000-05-12 00:00:00+00:00,27.057142857142857,55.4999984,23.98737692857143
2000-05-19 00:00:00+00:00,27.657142857142855,1.8000000999999999,21.588132714285713
2000-05-26 00:00:00+00:00,27.714285714285715,31.399998,28.629383714285716
2000-06-02 00:00:00+00:00,27.814285714285713,4.9000002,26.66527042857143
2000-06-09 00:00:00+00:00,28.157142857142855,7.7000002,32.18194542857143
2000-06-16 00:00:00+00:00,27.771428571428572,17.20000105,20.476998000000002
2000-06-23 00:00:00+00:00,27.614285714285717,39.6,27.890256
2000-06-30 00:00:00+00:00,27.664285714285715,30.000001400000002,24.684893285714285
2000-07-07 00:00:00+00:00,27.99285714285714,35.600003,24.742102714285714
2000-07-14 00:00:00+00:00,27.771428571428572,57.9000037,28.76485314285714
2000-07-21 00:00:00+00:00,28.292857142857144,10.6000001,17.21281457142857
2000-07-28 00:00:00+00:00,27.957142857142856,56.499998500000004,23.04117257142857
2000-08-04 00:00:00+00:00,27.95,44.8000023,28.21676785714286
2000-08-11 00:00:00+00:00,28.271428571428572,18.0999998,23.462833285714286
2000-08-18 00:00:00+00:00,28.735714285714288,13.60000034,26.81859557142857
2000-08-25 00:00:00+00:00,28.25714285714286,57.099997099999996,25.562881714285712
2000-09-01 00:00:00+00:00,28.335714285714285,51.7999992,30.857936000000002
2000-09-08 00:00:00+00:00,28.392857142857142,43.7999996,20.596670285714286
2000-09-15 00:00:00+00:00,28.735714285714288,24.799998940000002,27.639913142857147
2000-09-22 00:00:00+00:00,27.914285714285715,8.39999999,14.90074857142857
2000-09-29 00:00:00+00:00,28.25714285714286,43.50000025,27.106932142857143
2000-10-06 00:00:00+00:00,28.407142857142855,19.5,28.263251857142855
2000-10-13 00:00:00+00:00,28.17142857142857,57.3999991,36.421353
2000-10-20 00:00:00+00:00,27.900000000000002,9.1000006,27.15096414285714
2000-10-27 00:00:00+00:00,28.17142857142857,4.8000004,31.853424714285715
2000-11-03 00:00:00+00:00,27.87857142857143,0.70000005,26.093363
2000-11-10 00:00:00+00:00,27.75,10.0000002,38.488974142857145
2000-11-17 00:00:00+00:00,27.885714285714283,26.400001,35.692007
2000-11-24 00:00:00+00:00,27.342857142857145,16.400001,30.030125
2000-12-01 00:00:00+00:00,27.414285714285715,13.4000002,26.762852857142857
2000-12-08 00:00:00+00:00,26.857142857142858,1.5,34.84547571428572
2000-12-15 00:00:00+00:00,26.87857142857143,2.9000003,35.764267857142855
2000-12-22 00:00:00+00:00,26.314285714285713,3.4000000000000004,31.406219999999998
2000-12-29 00:00:00+00:00,26.442857142857143,12.1000008,31.02714057142857
2001-01-05 00:00:00+00:00,25.82857142857143,9.3,31.573601285714286
2001-01-12 00:00:00+00:00,26.150000000000002,10.5000006,24.161761428571428
2001-01-19 00:00:00+00:00,25.557142857142857,11.300000200000001,32.2950325
2001-01-26 00:00:00+00:00,26.099999999999998,3.0000001000000003,27.927443714285715
2001-02-02 00:00:00+00:00,26.185714285714287,1.4000000000000001,29.692283
2001-02-09 00:00:00+00:00,25.985714285714288,0.7,36.344670428571426
2001-02-16 00:00:00+00:00,25.285714285714285,11.9000001,28.683021857142855
2001-02-23 00:00:00+00:00,25.407142857142855,8.4999999,33.361778
2001-03-02 00:00:00+00:00,26.014285714285712,5.9000002,29.454212428571427
2001-03-09 00:00:00+00:00,25.435714285714287,8.600000099999999,30.083191714285714
2001-03-16 00:00:00+00:00,25.607142857142858,1.4,24.11340671428572
2001-03-23 00:00:00+00:00,25.24285714285714,0.0,21.56169042857143
2001-03-30 00:00:00+00:00,26.75,3.2000003,28.545473285714287
2001-04-06 00:00:00+00:00,26.849999999999998,2.8999999,24.981763142857144
2001-04-13 00:00:00+00:00,26.557142857142857,0.6,30.226618142857145
2001-04-20 00:00:00+00:00,26.735714285714288,1.3,28.073472000000002
2001-04-27 00:00:00+00:00,26.928571428571427,1.2,24.067901142857142
2001-05-04 00:00:00+00:00,27.24285714285714,9.4000003,22.74693842857143
2001-05-11 00:00:00+00:00,27.607142857142858,1.90000005,19.982049857142858
2001-05-18 00:00:00+00:00,28.107142857142858,10.5,14.791400428571427
2001-05-25 00:00:00+00:00,28.185714285714287,12.2000006,16.48430757142857
2001-06-01 00:00:00+00:00,28.49285714285714,12.8999994,19.909876
2001-06-08 00:00:00+00:00,28.49285714285714,30.2999994,20.555325285714286
2001-06-15 00:00:00+00:00,28.77857142857143,25.4999995,28.049371142857144
2001-06-22 00:00:00+00:00,28.764285714285712,10.70000004,20.050382142857142
2001-06-29 00:00:00+00:00,28.414285714285715,39.2999987,18.709316357142857
2001-07-06 00:00:00+00:00,28.021428571428572,58.3000003,17.735025571428572
2001-07-13 00:00:00+00:00,28.542857142857144,73.4999983,27.703495
2001-07-20 00:00:00+00:00,28.428571428571427,46.399999,29.98939485714286
2001-07-27 00:00:00+00:00,28.49285714285714,53.1000023,28.531595714285714
2001-08-03 00:00:00+00:00,28.49285714285714,14.9999997,22.608180142857144
2001-08-10 00:00:00+00:00,28.32857142857143,42.7999989,22.138268857142858
2001-08-17 00:00:00+00:00,28.442857142857143,100.59999834,24.944148714285713
2001-08-24 00:00:00+00:00,28.535714285714285,35.8999996,27.08258857142857
2001-08-31 00:00:00+00:00,27.842857142857145,123.000001,35.08962628571429
2001-09-07 00:00:00+00:00,27.535714285714285,76.5999997,21.663202857142856
2001-09-14 00:00:00+00:00,27.62142857142857,73.299995,30.177141428571428
2001-09-21 00:00:00+00:00,27.414285714285715,93.5000038,30.700037142857145
2001-09-28 00:00:00+00:00,27.849999999999998,47.9000013,28.46181842857143
2001-10-05 00:00:00+00:00,28.12857142857143,11.499999500000001,30.48707042857143
2001-10-12 00:00:00+00:00,28.05,1.5000000500000001,25.08015442857143
2001-10-19 00:00:00+00:00,27.650000000000002,179.3999903,51.971194857142855
2001-10-26 00:00:00+00:00,27.192857142857143,29.3000021,35.48791114285714
2001-11-02 00:00:00+00:00,27.099999999999998,54.7,38.34350771428571
2001-11-09 00:00:00+00:00,27.37857142857143,1.5,24.159214571428574
2001-11-16 00:00:00+00:00,27.542857142857144,17.399999,25.244000714285715
2001-11-23 00:00:00+00:00,27.057142857142857,8.8999994,22.025713285714286
2001-11-30 00:00:00+00:00,27.0,11.7000002,31.82134357142857
2001-12-07 00:00:00+00:00,26.185714285714287,3.6000003,31.70284342857143
2001-12-14 00:00:00+00:00,26.407142857142855,16.8000003,39.74264242857142
2001-12-21 00:00:00+00:00,26.614285714285717,51.2000004,37.28470871428571
2001-12-28 00:00:00+00:00,26.214285714285715,8.9999997,26.621124428571427
2002-01-04 00:00:00+00:00,25.564285714285713,6.3000005,30.979294285714285
2002-01-11 00:00:00+00:00,25.07857142857143,0.0,29.03662442857143
2002-01-18 00:00:00+00:00,26.035714285714285,5.9000002,27.41002814285714
2002-01-25 00:00:00+00:00,25.392857142857142,1.5999999999999999,27.94183785714286
2002-02-01 00:00:00+00:00,25.807142857142857,3.7000001000000005,32.42745214285714
2002-02-08 00:00:00+00:00,25.75,26.9000007,27.04339457142857
2002-02-15 00:00:00+00:00,24.807142857142857,15.0999993,35.557016571428576
2002-02-22 00:00:00+00:00,25.02857142857143,7.00000034,32.90003757142857
2002-03-01 00:00:00+00:00,25.157142857142855,8.5000009,30.261806
2002-03-08 00:00:00+00:00,25.735714285714288,3.1000002,25.015979714285713
2002-03-15 00:00:00+00:00,25.978571428571428,3.0000001000000003,32.238616
2002-03-22 00:00:00+00:00,25.864285714285717,0.7,29.711471285714286
2002-03-29 00:00:00+00:00,26.164285714285715,17.6000011,28.553523000000002
2002-04-05 00:00:00+00:00,25.05,33.300001200000004,29.827694
2002-04-12 00:00:00+00:00,25.478571428571428,6.9000004,34.886486857142856
2002-04-19 00:00:00+00:00,25.642857142857142,5.00000075,30.711139714285714
2002-04-26 00:00:00+00:00,25.857142857142858,10.60000065,32.454344142857146
2002-05-03 00:00:00+00:00,26.542857142857144,39.6999994,30.533641285714285
2002-05-10 00:00:00+00:00,26.478571428571428,5.1000002,29.407693000000002
2002-05-17 00:00:00+00:00,27.22142857142857,2.30000005,20.167310571428573
2002-05-24 00:00:00+00:00,28.057142857142857,1.1,19.009628142857142
2002-05-31 00:00:00+00:00,28.107142857142858,4.1000001,27.16753357142857
2002-06-07 00:00:00+00:00,28.15,1.4000001,23.847565
2002-06-14 00:00:00+00:00,27.771428571428572,12.99999969,23.75638442857143
2002-06-21 00:00:00+00:00,28.235714285714288,14.0000011,26.118491714285714
2002-06-28 00:00:00+00:00,28.392857142857142,26.7000007,32.55891414285714
2002-07-05 00:00:00+00:00,28.164285714285715,13.80000085,19.128141571428575
2002-07-12 00:00:00+00:00,28.385714285714283,79.09999260000001,20.676969142857143
2002-07-19 00:00:00+00:00,28.2,292.1,53.06894628571428
2002-07-26 00:00:00+00:00,28.17142857142857,8.0000003,25.14826414285714
2002-08-02 00:00:00+00:00,28.335714285714285,19.49999968,27.814852714285713
2002-08-09 00:00:00+00:00,28.557142857142857,63.5000013,44.694245714285714
2002-08-16 00:00:00+00:00,28.22142857142857,23.1000016,22.595515142857145
2002-08-23 00:00:00+00:00,27.678571428571427,294.2999905,52.26184485714286
2002-08-30 00:00:00+00:00,28.02857142857143,70.2999981,28.267629142857142
2002-09-06 00:00:00+00:00,27.849999999999998,26.900000300000002,19.00499057142857
2002-09-13 00:00:00+00:00,28.157142857142855,33.1999995,22.833764285714288
2002-09-20 00:00:00+00:00,28.535714285714285,10.599999799999999,23.611788571428573
2002-09-27 00:00:00+00:00,28.335714285714285,11.5999996,31.379600428571425
2002-10-04 00:00:00+00:00,28.24285714285714,56.799997700000006,47.37586257142857
2002-10-11 00:00:00+00:00,27.985714285714288,45.0000006,33.69587585714286
2002-10-18 00:00:00+00:00,27.821428571428573,13.9999997,26.741674142857143
2002-10-25 00:00:00+00:00,27.714285714285715,6.59999978,27.241691714285714
2002-11-01 00:00:00+00:00,27.8,3.1999999999999997,30.76982
2002-11-08 00:00:00+00:00,27.935714285714287,3.70000005,33.87746928571429
2002-11-15 00:00:00+00:00,28.135714285714283,4.9000002,41.242852142857146
2002-11-22 00:00:00+00:00,27.542857142857144,11.60000025,29.864135142857144
2002-11-29 00:00:00+00:00,26.664285714285715,14.4000005,41.19423485714286
2002-12-06 00:00:00+00:00,27.535714285714285,10.7999999,31.37053957142857
2002-12-13 00:00:00+00:00,26.771428571428572,11.5000011,33.80605085714286
2002-12-20 00:00:00+00:00,26.707142857142856,1.60000005,23.75711222857143
2002-12-27 00:00:00+00:00,26.3,1.1,25.338907142857146
2003-01-03 00:00:00+00:00,25.835714285714285,9.3000008,30.441977714285713
2003-01-10 00:00:00+00:00,26.092857142857145,4.2999998,27.652878142857144
2003-01-17 00:00:00+00:00,25.7,83.8000081,42.29186371428572
2003-01-24 00:00:00+00:00,25.307142857142857,2.1000000500000002,29.86229757142857
2003-01-31 00:00:00+00:00,25.135714285714283,3.4000001,22.54791642857143
2003-02-07 00:00:00+00:00,24.37142857142857,2.6000002,32.145626428571425
2003-02-14 00:00:00+00:00,25.02857142857143,2.7000001,24.809572
2003-02-21 00:00:00+00:00,24.085714285714285,2.3,26.61393885714286
2003-02-28 00:00:00+00:00,24.835714285714285,11.6,31.643114571428573
2003-03-07 00:00:00+00:00,24.5,13.6000002,30.434652142857143
2003-03-14 00:00:00+00:00,25.0,4.0000001,26.024226714285714
2003-03-21 00:00:00+00:00,25.478571428571428,4.3000001,25.036589142857142
2003-03-28 00:00:00+00:00,26.307142857142857,6.3000001999999995,25.953753
2003-04-04 00:00:00+00:00,26.50714285714286,6.10000015,27.35322342857143
2003-04-11 00:00:00+00:00,26.357142857142858,6.30000025,32.56514928571429
2003-04-18 00:00:00+00:00,26.057142857142857,7.60000004,33.09289628571428
2003-04-25 00:00:00+00:00,26.642857142857142,5.4000003,35.283997285714285
2003-05-02 00:00:00+00:00,26.571428571428573,4.40000014,36.61465928571429
2003-05-09 00:00:00+00:00,26.62857142857143,2.3,29.871714
2003-05-16 00:00:00+00:00,27.071428571428573,11.6000002,35.11462614285714
2003-05-23 00:00:00+00:00,27.107142857142858,112.00000519999999,38.642154285714284
2003-05-30 00:00:00+00:00,27.099999999999998,45.10000105,27.093626428571433
2003-06-06 00:00:00+00:00,27.2,13.9,23.836969142857146
2003-06-13 00:00:00+00:00,27.464285714285715,24.00000025,19.938430714285715
2003-06-20 00:00:00+00:00,27.87142857142857,2.9000001,20.965115142857144
2003-06-27 00:00:00+00:00,28.17142857142857,9.2000002,24.778612857142857
2003-07-04 00:00:00+00:00,27.978571428571428,8.6000002,17.442019428571427
2003-07-11 00:00:00+00:00,28.335714285714285,32.7999991,23.478876142857143
2003-07-18 00:00:00+00:00,28.17142857142857,33.700002,21.707686857142857
2003-07-25 00:00:00+00:00,28.5,47.6999986,30.84516357142857
2003-08-01 00:00:00+00:00,28.178571428571427,78.4,25.41247457142857
2003-08-08 00:00:00+00:00,28.457142857142856,49.100001,28.182607142857144
2003-08-15 00:00:00+00:00,28.5,38.2000003,22.838667571428573
2003-08-22 00:00:00+00:00,28.3,25.09999865,21.632654142857145
2003-08-29 00:00:00+00:00,28.357142857142858,27.8999986,27.85228
2003-09-05 00:00:00+00:00,28.285714285714285,48.700001300000004,22.27614828571429
2003-09-12 00:00:00+00:00,28.37857142857143,25.799999590000002,23.469923857142856
2003-09-19 00:00:00+00:00,28.321428571428573,75.80000025,28.03165742857143
2003-09-26 00:00:00+00:00,28.685714285714287,13.9000001,25.465653
2003-10-03 00:00:00+00:00,28.657142857142855,19.0999999,27.135533857142857
2003-10-10 00:00:00+00:00,28.385714285714283,61.6999962,37.38675585714286
2003-10-17 00:00:00+00:00,28.285714285714285,48.200004,27.397448142857144
2003-10-24 00:00:00+00:00,28.478571428571428,33.199998199999996,28.508525285714285
2003-10-31 00:00:00+00:00,28.064285714285713,12.59999994,37.65168257142857
2003-11-07 00:00:00+00:00,27.7,7.9000004,38.59236885714286
2003-11-14 00:00:00+00:00,26.99285714285714,3.5000002,40.56890885714285
2003-11-21 00:00:00+00:00,26.542857142857144,3.0999999999999996,37.60385328571429
2003-11-28 00:00:00+00:00,25.92142857142857,5.20000045,23.89829442857143
2003-12-05 00:00:00+00:00,26.75,0.3,33.338566428571426
2003-12-12 00:00:00+00:00,26.885714285714283,4.60000024,30.586488142857142
2003-12-19 00:00:00+00:00,26.321428571428573,15.20000014,30.899615285714283
2003-12-26 00:00:00+00:00,25.571428571428573,9.6999998,34.47105142857143
2004-01-02 00:00:00+00:00,24.864285714285717,0.0,23.30894342857143
2004-01-09 00:00:00+00:00,24.692857142857143,2.80000005,27.068951714285713
2004-01-16 00:00:00+00:00,24.5,0.0,19.920406857142858
2004-01-23 00:00:00+00:00,25.635714285714283,0.6,19.397369857142856
2004-01-30 00:00:00+00:00,24.392857142857142,2.7000001,29.79309757142857
2004-02-06 00:00:00+00:00,24.435714285714287,0.4,32.691456
2004-02-13 00:00:00+00:00,24.414285714285715,4.0,32.720147714285716
2004-02-20 00:00:00+00:00,23.864285714285717,3.7999999,30.895951571428572
2004-02-27 00:00:00+00:00,24.8,0.6,26.59068
2004-03-05 00:00:00+00:00,25.292857142857144,6.999999799999999,34.73021242857143
2004-03-12 00:00:00+00:00,25.135714285714283,2.40000004,35.95389528571429
2004-03-19 00:00:00+00:00,24.978571428571428,1.1,27.10962242857143
2004-03-26 00:00:00+00:00,26.135714285714283,14.899999900000001,28.44802985714286
2004-04-02 00:00:00+00:00,25.957142857142856,1.3,32.96363014285714
2004-04-09 00:00:00+00:00,26.407142857142855,1.5,21.421945
2004-04-16 00:00:00+00:00,27.114285714285717,9.6999998,26.760955857142857
2004-04-23 00:00:00+00:00,27.071428571428573,5.1999998000000005,29.353809571428574
2004-04-30 00:00:00+00:00,26.635714285714283,15.8000001,33.685432428571424
2004-05-07 00:00:00+00:00,26.74285714285714,2.5000002,27.919043714285714
2004-05-14 00:00:00+00:00,26.87142857142857,7.4000003,26.83415157142857
2004-05-21 00:00:00+00:00,27.400000000000002,3.70000025,23.966537999999996
2004-05-28 00:00:00+00:00,26.892857142857142,45.8999999,26.560430857142855
2004-06-04 00:00:00+00:00,27.74285714285714,9.1000002,27.76736485714286
2004-06-11 00:00:00+00:00,27.292857142857144,12.800000540000001,26.36273142857143
2004-06-18 00:00:00+00:00,27.364285714285717,57.700004039999996,28.295301857142857
2004-06-25 00:00:00+00:00,27.942857142857143,38.3000002,29.466200714285716
2004-07-02 00:00:00+00:00,28.514285714285712,9.100000099999999,14.956377785714286
2004-07-09 00:00:00+00:00,28.642857142857142,8.6999999,21.950616999999998
2004-07-16 00:00:00+00:00,28.214285714285715,41.800000100000005,24.988289
2004-07-23 00:00:00+00:00,27.814285714285713,48.4999988,29.025207285714288
2004-07-30 00:00:00+00:00,27.857142857142858,43.0999966,24.40724942857143
2004-08-06 00:00:00+00:00,28.349999999999998,60.0000011,32.04677142857143
2004-08-13 00:00:00+00:00,28.571428571428573,15.1999999,31.594907142857146
2004-08-20 00:00:00+00:00,28.407142857142855,24.1999992,31.377554285714286
2004-08-27 00:00:00+00:00,28.77857142857143,46.4999987,31.89203914285714
2004-09-03 00:00:00+00:00,28.178571428571427,11.400000200000001,26.198161142857142
2004-09-10 00:00:00+00:00,27.857142857142858,8.1,14.563117
2004-09-17 00:00:00+00:00,28.214285714285715,34.7000004,26.040049714285715
2004-09-24 00:00:00+00:00,27.75714285714286,84.799999,25.370222857142856
2004-10-01 00:00:00+00:00,27.74285714285714,67.0,22.650331571428573
2004-10-08 00:00:00+00:00,28.214285714285715,54.4999991,37.315219
2004-10-15 00:00:00+00:00,28.042857142857144,2.40000004,24.230798
2004-10-22 00:00:00+00:00,27.771428571428572,7.699999099999999,34.391369857142855
2004-10-29 00:00:00+00:00,27.67142857142857,40.199998,38.83868957142857
2004-11-05 00:00:00+00:00,27.57857142857143,83.9000016,30.73169542857143
2004-11-12 00:00:00+00:00,27.25,8.1000002,42.84631542857143
2004-11-19 00:00:00+00:00,27.32857142857143,16.6000002,34.84966971428572
2004-11-26 00:00:00+00:00,27.349999999999998,5.300000150000001,33.583269
2004-12-03 00:00:00+00:00,26.24285714285714,4.5,39.838569
2004-12-10 00:00:00+00:00,26.67142857142857,4.0000001,33.314538
2004-12-17 00:00:00+00:00,26.321428571428573,37.6000005,37.50143957142857
2004-12-24 00:00:00+00:00,25.642857142857142,25.4000001,29.062086142857144
2004-12-31 00:00:00+00:00,25.928571428571427,3.4000005,31.374812714285714
2005-01-07 00:00:00+00:00,25.50714285714286,6.6000002,22.607947857142857
2005-01-14 00:00:00+00:00,25.50714285714286,74.20000230000001,39.09474842857143
2005-01-21 00:00:00+00:00,24.435714285714287,0.0,19.766193571428573
2005-01-28 00:00:00+00:00,25.7,7.6999999,22.86303442857143
2005-02-04 00:00:00+00:00,23.95,2.6,31.594557857142856
2005-02-11 00:00:00+00:00,24.057142857142857,6.4999999,34.718599285714284
2005-02-18 00:00:00+00:00,25.064285714285713,0.6000000000000001,27.840278285714284
2005-02-25 00:00:00+00:00,25.607142857142858,1.4000000000000001,27.357782000000004
2005-03-04 00:00:00+00:00,25.25,1.9000001,30.663489857142856
2005-03-11 00:00:00+00:00,25.592857142857145,3.5999999999999996,33.70081414285714
2005-03-18 00:00:00+00:00,25.37857142857143,1.1,25.281401285714285
2005-03-25 00:00:00+00:00,25.935714285714287,5.0999998,26.32310042857143
2005-04-01 00:00:00+00:00,26.207142857142856,3.30000005,29.758230857142856
2005-04-08 00:00:00+00:00,25.964285714285715,3.6000001499999996,27.633543428571425
2005-04-15 00:00:00+00:00,26.099999999999998,3.1,34.65486228571429
2005-04-22 00:00:00+00:00,25.792857142857144,0.0,26.151619857142858
2005-04-29 00:00:00+00:00,26.82857142857143,0.2,12.164002428571427
2005-05-06 00:00:00+00:00,27.37142857142857,2.5,18.874437142857143
2005-05-13 00:00:00+00:00,27.12857142857143,15.300000299999999,23.512664285714287
2005-05-20 00:00:00+00:00,27.55,5.10000004,23.545377142857145
2005-05-27 00:00:00+00:00,27.585714285714285,5.80000024,31.233562857142857
2005-06-03 00:00:00+00:00,27.464285714285715,1.1,21.09672685714286
2005-06-10 00:00:00+00:00,28.035714285714285,7.7000002,21.922007285714283
2005-06-17 00:00:00+00:00,28.27857142857143,6.600000100000001,27.32551128571429
2005-06-24 00:00:00+00:00,28.357142857142858,5.2000003,21.16857871428571
2005-07-01 00:00:00+00:00,28.321428571428573,14.8000003,23.556036857142857
2005-07-08 00:00:00+00:00,27.942857142857143,72.8000016,25.34147042857143
2005-07-15 00:00:00+00:00,27.842857142857145,14.099999799999999,23.459925285714288
2005-07-22 00:00:00+00:00,28.514285714285712,31.1999999,28.07197642857143
2005-07-29 00:00:00+00:00,28.014285714285712,62.20000273999999,18.58892271428571
2005-08-05 00:00:00+00:00,28.307142857142857,41.4000001,20.763563714285713
2005-08-12 00:00:00+00:00,27.87142857142857,44.9999974,19.361758000000002
2005-08-19 00:00:00+00:00,28.307142857142857,61.1999991,27.144702857142857
2005-08-26 00:00:00+00:00,28.07857142857143,54.099996600000004,24.666729142857143
2005-09-02 00:00:00+00:00,28.27857142857143,36.5000005,24.348879285714286
2005-09-09 00:00:00+00:00,28.792857142857144,25.700001099999998,29.13362714285714
2005-09-16 00:00:00+00:00,27.985714285714288,66.700002,32.536768
2005-09-23 00:00:00+00:00,28.057142857142857,49.0999994,26.904162285714285
2005-09-30 00:00:00+00:00,28.135714285714283,26.300000599999997,25.447182571428574
2005-10-07 00:00:00+00:00,27.864285714285717,36.999998500000004,27.772797857142855
2005-10-14 00:00:00+00:00,27.99285714285714,11.3000002,33.592048
2005-10-21 00:00:00+00:00,27.62142857142857,32.099997800000004,22.854782857142855
2005-10-28 00:00:00+00:00,27.864285714285717,3.8999998000000002,29.68801342857143
2005-11-04 00:00:00+00:00,27.364285714285717,2.5,23.890701
2005-11-11 00:00:00+00:00,27.99285714285714,9.20000014,24.407329285714287
2005-11-18 00:00:00+00:00,27.92142857142857,3.9999994,27.505430999999998
2005-11-25 00:00:00+00:00,28.142857142857142,0.2,26.83712314285714
2005-12-02 00:00:00+00:00,27.042857142857144,1.9000001000000002,19.545999
2005-12-09 00:00:00+00:00,27.335714285714285,2.20000005,30.263205000000003
2005-12-16 00:00:00+00:00,27.307142857142857,25.000001400000002,29.853855142857146
2005-12-23 00:00:00+00:00,26.27857142857143,102.39999800000001,26.178072285714286
2005-12-30 00:00:00+00:00,26.585714285714285,18.2999989,26.47776742857143
2006-01-06 00:00:00+00:00,26.678571428571427,12.60000065,29.614250285714288
2006-01-13 00:00:00+00:00,25.5,0.30000000000000004,35.82571614285714
2006-01-20 00:00:00+00:00,25.87857142857143,6.8000002,25.664092928571428
2006-01-27 00:00:00+00:00,24.135714285714283,5.5000005,41.50970757142857
2006-02-03 00:00:00+00:00,25.342857142857145,2.5000001000000003,35.60102885714286
2006-02-10 00:00:00+00:00,25.37857142857143,3.6,34.90483042857143
2006-02-17 00:00:00+00:00,25.735714285714288,0.8,36.45147142857143
2006-02-24 00:00:00+00:00,24.650000000000002,0.2,36.152475
2006-03-03 00:00:00+00:00,24.678571428571427,7.3999984,36.10022742857143
2006-03-10 00:00:00+00:00,25.535714285714285,42.799999799999995,29.367607285714286
2006-03-17 00:00:00+00:00,25.414285714285715,5.70000034,26.882322
2006-03-24 00:00:00+00:00,26.014285714285712,1.4,26.617634428571428
2006-03-31 00:00:00+00:00,25.72142857142857,6.500000000000001,27.98204357142857
2006-04-07 00:00:00+00:00,25.564285714285713,8.2,28.998568428571428
2006-04-14 00:00:00+00:00,25.97142857142857,7.5000007,29.050731714285714
2006-04-21 00:00:00+00:00,26.764285714285712,3.0999999000000003,23.32810471428571
2006-04-28 00:00:00+00:00,27.24285714285714,1.80000004,24.400457285714285
2006-05-05 00:00:00+00:00,27.014285714285712,17.10000015,31.503748285714284
2006-05-12 00:00:00+00:00,26.035714285714285,4.7999998999999995,32.35981614285714
2006-05-19 00:00:00+00:00,26.25,5.40000024,27.659191
2006-05-26 00:00:00+00:00,26.32857142857143,2.1999999999999997,23.978129857142854
2006-06-02 00:00:00+00:00,27.00714285714286,2.3,23.66566457142857
2006-06-09 00:00:00+00:00,27.592857142857145,2.8,30.571463142857144
2006-06-16 00:00:00+00:00,27.42142857142857,9.4000001,24.36401885714286
2006-06-23 00:00:00+00:00,27.7,8.7000002,22.330220285714287
2006-06-30 00:00:00+00:00,27.87142857142857,8.600000099999999,26.723424714285716
2006-07-07 00:00:00+00:00,28.285714285714285,11.599999799999999,19.683077857142855
2006-07-14 00:00:00+00:00,28.214285714285715,51.4000015,30.158022857142857
2006-07-21 00:00:00+00:00,28.02857142857143,28.499999300000002,25.08293814285714
2006-07-28 00:00:00+00:00,27.964285714285715,40.7000001,27.115829142857145
2006-08-04 00:00:00+00:00,27.95,62.1000003,30.501739285714287
2006-08-11 00:00:00+00:00,27.942857142857143,5.6000005,20.663549142857143
2006-08-18 00:00:00+00:00,28.914285714285715,7.2000001,22.33889885714286
2006-08-25 00:00:00+00:00,28.692857142857143,23.6999998,19.18903814285714
2006-09-01 00:00:00+00:00,28.292857142857144,30.90000115,31.533560571428573
2006-09-08 00:00:00+00:00,28.05,39.4999981,22.411346428571427
2006-09-15 00:00:00+00:00,27.657142857142855,125.00000600000001,41.13033371428571
2006-09-22 00:00:00+00:00,27.892857142857142,15.0999994,28.96953257142857
2006-09-29 00:00:00+00:00,28.271428571428572,219.8000002,51.060828428571426
2006-10-06 00:00:00+00:00,28.05,45.6999996,37.575017714285714
2006-10-13 00:00:00+00:00,27.864285714285717,4.80000034,28.130405142857143
2006-10-20 00:00:00+00:00,28.00714285714286,5.4,34.13402342857143
2006-10-27 00:00:00+00:00,27.235714285714288,3.3000002,33.19865514285714
2006-11-03 00:00:00+00:00,27.014285714285712,6.099999700000001,34.78211928571428
2006-11-10 00:00:00+00:00,26.714285714285715,5.3000001,26.880297000000002
2006-11-17 00:00:00+00:00,26.42142857142857,0.7999999999999999,27.888034714285713
2006-11-24 00:00:00+00:00,26.692857142857143,3.7000003,33.294675857142856
2006-12-01 00:00:00+00:00,26.728571428571428,4.3000001,39.18541028571428
2006-12-08 00:00:00+00:00,26.707142857142856,4.7999996000000005,30.306948428571427
2006-12-15 00:00:00+00:00,26.442857142857143,1.5000001,38.55168414285714
2006-12-22 00:00:00+00:00,26.728571428571428,6.0999996,29.94608385714286
2006-12-29 00:00:00+00:00,25.74285714285714,4.9000005,33.93613242857143
2007-01-05 00:00:00+00:00,26.12142857142857,0.3,31.056295142857145
2007-01-12 00:00:00+00:00,25.50714285714286,1.30000005,34.030366
2007-01-19 00:00:00+00:00,25.542857142857144,2.80000015,29.34802871428571
2007-01-26 00:00:00+00:00,25.407142857142855,7.2,31.792530285714285
2007-02-02 00:00:00+00:00,24.95,6.199999999999999,24.827419142857142
2007-02-09 00:00:00+00:00,25.228571428571428,1.7000001,24.966427714285715
2007-02-16 00:00:00+00:00,25.285714285714285,53.6999975,25.539612714285713
2007-02-23 00:00:00+00:00,24.77857142857143,38.899997799999994,35.02053142857143
2007-03-02 00:00:00+00:00,24.107142857142858,17.400000300000002,35.80998171428571
2007-03-09 00:00:00+00:00,24.835714285714285,1.80000005,31.292978142857145
2007-03-16 00:00:00+00:00,25.05,13.2,30.47097314285714
2007-03-23 00:00:00+00:00,25.25,3.2000001,32.394138857142856
2007-03-30 00:00:00+00:00,26.05,0.7999999999999999,36.07044185714286
2007-04-06 00:00:00+00:00,25.985714285714288,43.3000003,23.288888857142858
2007-04-13 00:00:00+00:00,26.75,15.5,25.265206142857146
2007-04-20 00:00:00+00:00,26.785714285714285,3.6000003000000005,34.433223857142856
2007-04-27 00:00:00+00:00,26.735714285714288,5.70000009,27.415863857142856
2007-05-04 00:00:00+00:00,26.678571428571427,0.7000000000000001,34.99181385714286
2007-05-11 00:00:00+00:00,26.849999999999998,1.30000005,18.39751085714286
2007-05-18 00:00:00+00:00,27.414285714285715,1.8000001,16.210733142857144
2007-05-25 00:00:00+00:00,28.221428571428568,1.0,20.022914714285715
2007-06-01 00:00:00+00:00,27.928571428571427,1.90000005,20.786314714285716
2007-06-08 00:00:00+00:00,28.25714285714286,2.5999998,20.809145857142855
2007-06-15 00:00:00+00:00,28.414285714285715,4.40000015,28.200186285714285
2007-06-22 00:00:00+00:00,28.392857142857142,5.5,14.52431
2007-06-29 00:00:00+00:00,28.62142857142857,32.499999200000005,17.02027342857143
2007-07-06 00:00:00+00:00,28.664285714285715,7.7000003,21.793991714285713
2007-07-13 00:00:00+00:00,28.400000000000002,54.8999964,19.11415457142857
2007-07-20 00:00:00+00:00,28.457142857142856,125.59999400000001,21.09047014285714
2007-07-27 00:00:00+00:00,28.535714285714285,81.39999879999999,29.641343714285714
2007-08-03 00:00:00+00:00,28.150000000000002,125.89999399999999,32.20470542857143
2007-08-10 00:00:00+00:00,28.17142857142857,56.8999995,24.575264285714287
2007-08-17 00:00:00+00:00,28.678571428571427,26.4999992,27.657856142857145
2007-08-24 00:00:00+00:00,28.085714285714285,209.1000014,34.920263
2007-08-31 00:00:00+00:00,28.164285714285715,28.99999908,24.51162757142857
2007-09-07 00:00:00+00:00,27.842857142857145,49.9000027,28.32977742857143
2007-09-14 00:00:00+00:00,28.042857142857144,13.3000002,27.051966285714286
2007-09-21 00:00:00+00:00,28.464285714285715,30.69999954,28.125817
2007-09-28 00:00:00+00:00,27.97142857142857,41.8000004,22.41724042857143
2007-10-05 00:00:00+00:00,28.178571428571427,29.4999997,20.14794985714286
2007-10-12 00:00:00+00:00,28.24285714285714,21.79999964,26.597961714285713
2007-10-19 00:00:00+00:00,28.428571428571427,15.0000003,35.68442257142857
2007-10-26 00:00:00+00:00,28.321428571428573,20.49999964,37.63076157142857
2007-11-02 00:00:00+00:00,27.99285714285714,33.7999977,35.629996
2007-11-09 00:00:00+00:00,28.085714285714285,5.30000025,30.76117214285714
2007-11-16 00:00:00+00:00,28.00714285714286,9.0000006,34.08727542857143
2007-11-23 00:00:00+00:00,27.428571428571427,6.200000300000001,24.581335142857142
2007-11-30 00:00:00+00:00,27.307142857142857,0.0,30.535625000000003
2007-12-07 00:00:00+00:00,27.135714285714283,1.3,25.472921857142858
2007-12-14 00:00:00+00:00,27.37857142857143,3.4000000000000004,22.487345285714287
2007-12-21 00:00:00+00:00,27.00714285714286,4.7,31.595028714285714
2007-12-28 00:00:00+00:00,26.907142857142855,8.7000003,26.09027642857143
2008-01-04 00:00:00+00:00,26.114285714285717,10.800000299999999,33.475226428571425
2008-01-11 00:00:00+00:00,26.307142857142857,6.4000007,31.78605914285714
2008-01-18 00:00:00+00:00,25.349999999999998,11.3000008,27.42809414285714
2008-01-25 00:00:00+00:00,25.8,8.9000004,27.258859285714287
2008-02-01 00:00:00+00:00,26.321428571428573,1.70000005,25.20619657142857
2008-02-08 00:00:00+00:00,26.271428571428572,12.10000064,27.92933357142857
2008-02-15 00:00:00+00:00,24.771428571428572,28.699995700000002,30.197281
2008-02-22 00:00:00+00:00,25.692857142857143,6.4000002,33.20352714285714
2008-02-29 00:00:00+00:00,25.864285714285717,6.2,25.732914
2008-03-07 00:00:00+00:00,25.67142857142857,12.3000003,33.19611171428571
2008-03-14 00:00:00+00:00,25.900000000000002,2.30000004,20.998431857142858
2008-03-21 00:00:00+00:00,25.95,10.69999904,18.961888285714284
2008-03-28 00:00:00+00:00,26.592857142857145,8.30000014,23.060206285714287
2008-04-04 00:00:00+00:00,27.314285714285713,5.90000024,22.088363285714284
2008-04-11 00:00:00+00:00,27.37142857142857,5.499999900000001,30.240960285714287
2008-04-18 00:00:00+00:00,27.035714285714285,18.70000125,28.202325285714284
2008-04-25 00:00:00+00:00,27.321428571428573,1.5999999999999999,18.96812757142857
2008-05-02 00:00:00+00:00,27.714285714285715,5.1,20.771146428571427
2008-05-09 00:00:00+00:00,27.864285714285717,1.7,27.322418714285714
2008-05-16 00:00:00+00:00,27.88571428571429,12.9999997,24.43520571428572
2008-05-23 00:00:00+00:00,28.064285714285713,12.800000200000001,20.22333757142857
2008-05-30 00:00:00+00:00,28.400000000000002,2.3,20.60856742857143
2008-06-06 00:00:00+00:00,28.307142857142857,12.60000014,17.59285242857143
2008-06-13 00:00:00+00:00,28.014285714285712,27.4000002,17.226733
2008-06-20 00:00:00+00:00,28.392857142857142,12.0,17.327647428571428
2008-06-27 00:00:00+00:00,28.435714285714283,20.100000100000003,20.348111857142857
2008-07-04 00:00:00+00:00,27.62857142857143,169.399994,30.23953757142857
2008-07-11 00:00:00+00:00,27.864285714285717,26.700001150000002,18.048413857142858
2008-07-18 00:00:00+00:00,27.664285714285715,18.40000055,16.731719857142856
2008-07-25 00:00:00+00:00,27.942857142857143,61.600001,24.759174285714288
2008-08-01 00:00:00+00:00,27.542857142857144,49.200003,14.85619457142857
2008-08-08 00:00:00+00:00,28.228571428571428,34.6999987,25.013572285714286
2008-08-15 00:00:00+00:00,28.107142857142858,46.8000016,24.603148142857144
2008-08-22 00:00:00+00:00,27.49285714285714,89.0000029,22.378086857142858
2008-08-29 00:00:00+00:00,27.8,26.000000449999998,21.184699714285717
2008-09-05 00:00:00+00:00,27.678571428571427,39.3999978,27.20922014285714
2008-09-12 00:00:00+00:00,27.642857142857142,34.4999996,28.970058857142856
2008-09-19 00:00:00+00:00,28.021428571428572,12.3000003,25.236685142857144
2008-09-26 00:00:00+00:00,28.178571428571427,25.9000002,27.26651157142857
2008-10-03 00:00:00+00:00,28.264285714285712,21.600001,26.67625
2008-10-10 00:00:00+00:00,28.235714285714288,32.899998,32.626689285714285
2008-10-17 00:00:00+00:00,27.849999999999998,33.9,29.273126714285716
2008-10-24 00:00:00+00:00,27.807142857142857,28.6999992,29.03257
2008-10-31 00:00:00+00:00,27.771428571428572,2.0000001,25.058050142857144
2008-11-07 00:00:00+00:00,27.935714285714287,8.399999999999999,33.552266571428575
2008-11-14 00:00:00+00:00,27.985714285714288,6.599999700000001,29.635533714285714
2008-11-21 00:00:00+00:00,27.521428571428572,3.60000015,32.489186714285715
2008-11-28 00:00:00+00:00,27.614285714285717,0.8000001,27.654841857142856
2008-12-05 00:00:00+00:00,26.942857142857143,3.6,41.38354057142857
2008-12-12 00:00:00+00:00,26.842857142857145,1.9000001,25.40797342857143
2008-12-19 00:00:00+00:00,26.22142857142857,5.2000005,35.38793357142857
2008-12-26 00:00:00+00:00,26.071428571428573,8.4999999,21.80909685714286
2009-01-02 00:00:00+00:00,25.32857142857143,3.3000003,31.220002142857144
2009-01-09 00:00:00+00:00,26.24285714285714,8.900001300000001,24.38471285714286
2009-01-16 00:00:00+00:00,25.635714285714283,12.00000045,32.76299471428571
2009-01-23 00:00:00+00:00,25.957142857142856,1.9000001000000002,38.33059871428571
2009-01-30 00:00:00+00:00,25.307142857142857,7.3000003,37.35116442857143
2009-02-06 00:00:00+00:00,24.985714285714288,25.3000001,29.919556142857143
2009-02-13 00:00:00+00:00,24.74285714285714,2.7000002,33.13078157142857
2009-02-20 00:00:00+00:00,25.357142857142858,2.1000001,36.41366342857143
2009-02-27 00:00:00+00:00,24.907142857142855,8.0999981,32.242231
2009-03-06 00:00:00+00:00,25.57857142857143,4.40000005,31.668673000000002
2009-03-13 00:00:00+00:00,24.071428571428573,5.9,33.461039
2009-03-20 00:00:00+00:00,24.707142857142856,34.499998,31.252345
2009-03-27 00:00:00+00:00,25.264285714285712,11.000000499999999,23.712723428571426
2009-04-03 00:00:00+00:00,25.692857142857143,5.2,32.98433985714286
2009-04-10 00:00:00+00:00,26.0,2.4000000999999997,28.646950714285715
2009-04-17 00:00:00+00:00,26.24285714285714,1.40000005,24.032734285714287
2009-04-24 00:00:00+00:00,26.7,3.2000001,22.944603714285712
2009-05-01 00:00:00+00:00,26.414285714285715,11.300000099999998,22.709011142857143
2009-05-08 00:00:00+00:00,26.97142857142857,1.2000000000000002,19.854207
2009-05-15 00:00:00+00:00,27.342857142857145,5.40000004,21.498492285714285
2009-05-22 00:00:00+00:00,27.464285714285715,9.6000002,21.011571357142856
2009-05-29 00:00:00+00:00,27.892857142857142,3.30000034,17.734102285714282
2009-06-05 00:00:00+00:00,28.72142857142857,16.4000001,16.241967
2009-06-12 00:00:00+00:00,29.150000000000002,17.099999699999998,25.960338285714283
2009-06-19 00:00:00+00:00,28.657142857142855,5.9000002,18.681498142857144
2009-06-26 00:00:00+00:00,28.42142857142857,4.100000100000001,21.650958857142857
2009-07-03 00:00:00+00:00,28.62142857142857,17.2999996,26.407925000000002
2009-07-10 00:00:00+00:00,28.485714285714288,55.900001,28.979027285714288
2009-07-17 00:00:00+00:00,27.764285714285712,61.6000017,17.803581857142856
2009-07-24 00:00:00+00:00,28.192857142857143,195.599996,33.900778571428575
2009-07-31 00:00:00+00:00,28.442857142857143,42.2000017,34.156579428571426
2009-08-07 00:00:00+00:00,28.435714285714287,32.29999905,25.545787142857144
2009-08-14 00:00:00+00:00,28.17142857142857,76.3999939,37.10657199999999
2009-08-21 00:00:00+00:00,27.62857142857143,93.8000006,29.303914571428574
2009-08-28 00:00:00+00:00,27.792857142857144,77.2999973,28.309369714285715
2009-09-04 00:00:00+00:00,28.385714285714283,24.8999993,22.837113714285717
2009-09-11 00:00:00+00:00,28.064285714285713,52.800000600000004,33.254731428571425
2009-09-18 00:00:00+00:00,27.464285714285715,93.50000229999999,27.217939285714287
2009-09-25 00:00:00+00:00,28.192857142857143,23.3000002,34.84427614285714
2009-10-02 00:00:00+00:00,28.292857142857144,4.600000140000001,33.70143
2009-10-09 00:00:00+00:00,28.428571428571427,14.799999699999999,26.51371142857143
2009-10-16 00:00:00+00:00,28.214285714285715,3.8000001,33.40246557142857
2009-10-23 00:00:00+00:00,28.178571428571427,5.30000034,34.97030742857143
2009-10-30 00:00:00+00:00,27.67142857142857,24.10000135,35.203320142857145
2009-11-06 00:00:00+00:00,27.428571428571427,42.600001150000004,30.838267714285713
2009-11-13 00:00:00+00:00,27.3,1.8,30.47799642857143
2009-11-20 00:00:00+00:00,27.428571428571427,25.8000012,35.84315242857143
2009-11-27 00:00:00+00:00,27.5,4.6000001,33.51886642857143
2009-12-04 00:00:00+00:00,27.349999999999998,11.5,23.014797714285713
2009-12-11 00:00:00+00:00,26.607142857142858,2.90000004,23.591380571428573
2009-12-18 00:00:00+00:00,26.807142857142857,3.0000002,21.282693714285717
2009-12-25 00:00:00+00:00,26.57857142857143,11.6999998,22.76440457142857
2010-01-01 00:00:00+00:00,26.457142857142856,5.000000200000001,23.68773842857143
2010-01-08 00:00:00+00:00,26.514285714285712,9.4000002,33.22001171428571
2010-01-15 00:00:00+00:00,24.792857142857144,11.3,42.56519314285714
2010-01-22 00:00:00+00:00,24.392857142857142,3.7,32.64724185714285
2010-01-29 00:00:00+00:00,25.2,6.8000001999999995,29.228424571428572
2010-02-05 00:00:00+00:00,24.307142857142857,1.1,35.072680428571424
2010-02-12 00:00:00+00:00,25.135714285714283,1.7,31.06851657142857
2010-02-19 00:00:00+00:00,25.27857142857143,22.0999997,28.297581
2010-02-26 00:00:00+00:00,24.385714285714283,4.7000001000000005,38.04628628571429
2010-03-05 00:00:00+00:00,25.3,3.5,32.586934142857146
2010-03-12 00:00:00+00:00,25.342857142857145,2.60000004,38.230462714285714
2010-03-19 00:00:00+00:00,25.335714285714285,6.000000050000001,32.59545714285714
2010-03-26 00:00:00+00:00,25.207142857142856,5.3000003499999995,33.96935871428571
2010-04-02 00:00:00+00:00,25.5,4.20000044,31.19605842857143
2010-04-09 00:00:00+00:00,25.935714285714287,3.4000000999999997,33.54040771428571
2010-04-16 00:00:00+00:00,25.885714285714283,1.40000005,32.52104985714286
2010-04-23 00:00:00+00:00,26.142857142857142,13.399999,25.820041714285715
2010-04-30 00:00:00+00:00,26.385714285714283,2.1000001,29.078059285714286
2010-05-07 00:00:00+00:00,27.0,0.9,17.284709285714285
2010-05-14 00:00:00+00:00,27.157142857142855,7.5,21.983125857142856
2010-05-21 00:00:00+00:00,27.185714285714287,8.8000005,18.56034942857143
2010-05-28 00:00:00+00:00,28.178571428571427,1.9000001,19.236098571428574
2010-06-04 00:00:00+00:00,27.8,20.0,23.022164
2010-06-11 00:00:00+00:00,28.0,22.40000029,29.63418528571429
2010-06-18 00:00:00+00:00,27.8,43.200001,30.641677571428573
2010-06-25 00:00:00+00:00,27.864285714285717,5.6000000000000005,20.942341285714285
2010-07-02 00:00:00+00:00,28.321428571428573,17.3000003,25.631702714285716
2010-07-09 00:00:00+00:00,27.97142857142857,46.700000200000005,32.319760571428574
2010-07-16 00:00:00+00:00,28.02857142857143,16.0999993,29.04052242857143
2010-07-23 00:00:00+00:00,28.107142857142858,20.6999993,28.04774585714286
2010-07-30 00:00:00+00:00,28.021428571428572,58.2999991,25.506027857142858
2010-08-06 00:00:00+00:00,28.185714285714287,12.100000699999999,27.432887714285716
2010-08-13 00:00:00+00:00,28.150000000000002,29.099999699999998,25.563339285714285
2010-08-20 00:00:00+00:00,27.75714285714286,54.7000005,25.458232000000002
2010-08-27 00:00:00+00:00,27.907142857142855,17.500000149999998,22.716592285714285
2010-09-03 00:00:00+00:00,28.314285714285713,20.0,21.951583285714285
2010-09-10 00:00:00+00:00,27.892857142857142,21.2000001,22.82598085714286
2010-09-17 00:00:00+00:00,28.264285714285712,77.3,32.40812342857143
2010-09-24 00:00:00+00:00,28.22142857142857,26.499999199999998,30.550947428571426
2010-10-01 00:00:00+00:00,27.842857142857145,47.5999984,25.644179714285713
2010-10-08 00:00:00+00:00,28.021428571428572,12.400000200000001,26.254873
2010-10-15 00:00:00+00:00,27.7,34.70000095,37.157890571428574
2010-10-22 00:00:00+00:00,27.892857142857142,5.0000003,29.723348571428573
2010-10-29 00:00:00+00:00,27.864285714285717,26.7000013,34.712881714285714
2010-11-05 00:00:00+00:00,27.714285714285715,1.3000000999999999,25.995396142857146
2010-11-12 00:00:00+00:00,27.657142857142855,3.1000001,32.71163685714286
2010-11-19 00:00:00+00:00,27.114285714285717,5.8999999999999995,21.629444714285714
2010-11-26 00:00:00+00:00,27.342857142857145,1.3000000999999999,33.733397714285715
2010-12-03 00:00:00+00:00,26.77857142857143,2.4000001,25.220118000000003
2010-12-10 00:00:00+00:00,26.457142857142856,3.5000002,27.558808571428575
2010-12-17 00:00:00+00:00,25.900000000000002,70.40001,25.270953428571428
2010-12-24 00:00:00+00:00,26.428571428571427,9.9999999,26.360232142857143
2010-12-31 00:00:00+00:00,26.585714285714285,5.9000002,28.539797
2011-01-07 00:00:00+00:00,25.99285714285714,12.5999994,27.477342
2011-01-14 00:00:00+00:00,25.157142857142855,2.0000001000000003,30.54490442857143
2011-01-21 00:00:00+00:00,25.292857142857144,1.4000001,28.43897942857143
2011-01-28 00:00:00+00:00,24.49285714285714,2.9000002,32.24390028571428
2011-02-04 00:00:00+00:00,24.95,50.2999962,35.193416
2011-02-11 00:00:00+00:00,25.292857142857144,7.2000002,24.271286428571425
2011-02-18 00:00:00+00:00,25.035714285714285,5.5000002,29.706113857142856
2011-02-25 00:00:00+00:00,23.62142857142857,3.3000002,35.72766728571428
2011-03-04 00:00:00+00:00,25.2,38.0000002,29.91333842857143
2011-03-11 00:00:00+00:00,25.67142857142857,20.0000015,20.71023728571429
2011-03-18 00:00:00+00:00,25.057142857142857,4.0000001,34.879805714285716
2011-03-25 00:00:00+00:00,26.521428571428572,3.7000000999999996,24.064141000000003
2011-04-01 00:00:00+00:00,26.05,190.900011,40.95154914285714
2011-04-08 00:00:00+00:00,25.085714285714285,36.8999997,35.08162828571428
2011-04-15 00:00:00+00:00,25.49285714285714,0.5,21.888630142857146
2011-04-22 00:00:00+00:00,26.2,6.7000001,36.979224571428574
2011-04-29 00:00:00+00:00,26.521428571428572,0.1,34.69750742857143
2011-05-06 00:00:00+00:00,26.75,2.00000004,30.250402857142856
2011-05-13 00:00:00+00:00,27.135714285714283,9.1000003,30.885803857142857
2011-05-20 00:00:00+00:00,27.314285714285713,7.6,26.971824857142856
2011-05-27 00:00:00+00:00,28.042857142857144,1.4000000000000001,16.635233714285715
2011-06-03 00:00:00+00:00,28.37857142857143,1.7000000400000002,27.82575885714286
2011-06-10 00:00:00+00:00,28.342857142857145,4.9000001,29.96911957142857
2011-06-17 00:00:00+00:00,28.228571428571428,8.500000100000001,31.479945428571426
2011-06-24 00:00:00+00:00,27.72142857142857,36.1999984,25.60144285714286
2011-07-01 00:00:00+00:00,28.085714285714285,27.69999864,17.237149428571428
2011-07-08 00:00:00+00:00,27.792857142857144,136.5999996,43.09639057142857
2011-07-15 00:00:00+00:00,27.849999999999998,11.89999934,23.3116
2011-07-22 00:00:00+00:00,27.771428571428572,4.8000001,27.204214
2011-07-29 00:00:00+00:00,27.77857142857143,16.99999924,25.322701285714288
2011-08-05 00:00:00+00:00,28.42142857142857,52.499999,27.602855857142856
2011-08-12 00:00:00+00:00,28.071428571428573,46.1999984,28.589429714285718
2011-08-19 00:00:00+00:00,27.964285714285715,47.599998400000004,30.410079
2011-08-26 00:00:00+00:00,27.321428571428573,203.599996,35.469072999999995
2011-09-02 00:00:00+00:00,27.521428571428572,133.499999,28.221486571428574
2011-09-09 00:00:00+00:00,27.0,319.19998799999996,34.728855857142854
2011-09-16 00:00:00+00:00,27.564285714285713,55.79999905,29.58989042857143
2011-09-23 00:00:00+00:00,27.521428571428572,44.0000012,28.944775
2011-09-30 00:00:00+00:00,27.807142857142857,13.3999998,28.69716642857143
2011-10-07 00:00:00+00:00,27.900000000000002,45.4000023,29.838463428571426
2011-10-14 00:00:00+00:00,27.564285714285713,6.9000004,26.193006
2011-10-21 00:00:00+00:00,27.2,77.19999870000001,29.119760000000003
2011-10-28 00:00:00+00:00,27.45,5.0000003,32.519736
2011-11-04 00:00:00+00:00,26.957142857142856,6.49999985,25.36640514285714
2011-11-11 00:00:00+00:00,27.107142857142858,4.4000001,26.184092285714286
2011-11-18 00:00:00+00:00,26.428571428571427,15.4999996,35.20252371428571
2011-11-25 00:00:00+00:00,27.271428571428572,5.30000014,30.14204542857143
2011-12-02 00:00:00+00:00,27.071428571428573,3.8000003,31.320422
2011-12-09 00:00:00+00:00,26.892857142857142,0.8999999999999999,32.52046142857143
2011-12-16 00:00:00+00:00,26.72142857142857,2.6,28.716704999999997
2011-12-23 00:00:00+00:00,26.50714285714286,5.1000004,24.56392214285714
2011-12-30 00:00:00+00:00,26.735714285714288,2.9000001,21.68771785714286
2012-01-06 00:00:00+00:00,25.50714285714286,3.80000035,32.691464714285715
2012-01-13 00:00:00+00:00,25.50714285714286,1.20000004,29.695585857142856
2012-01-20 00:00:00+00:00,25.72142857142857,21.5,27.751576999999997
2012-01-27 00:00:00+00:00,25.021428571428572,3.3000002,26.822742428571427
2012-02-03 00:00:00+00:00,25.55,16.4999998,36.769395714285714
2012-02-10 00:00:00+00:00,25.42142857142857,4.1000001,31.116798142857142
2012-02-17 00:00:00+00:00,25.785714285714285,2.8000002,28.099397785714284
2012-02-24 00:00:00+00:00,25.707142857142856,1.0000000999999998,25.314358285714288
2012-03-02 00:00:00+00:00,25.392857142857142,1.3000001,33.58457228571429
2012-03-09 00:00:00+00:00,25.392857142857142,19.8000006,22.624364714285715
2012-03-16 00:00:00+00:00,24.728571428571428,0.30000000000000004,31.706525428571428
2012-03-23 00:00:00+00:00,25.57857142857143,8.3000004,32.38800042857143
2012-03-30 00:00:00+00:00,25.392857142857142,9.2,31.448871
2012-04-06 00:00:00+00:00,25.642857142857142,1.6000001,31.120381285714284
2012-04-13 00:00:00+00:00,26.321428571428573,0.2,17.00789592857143
2012-04-20 00:00:00+00:00,25.914285714285715,2.5,27.446319428571428
2012-04-27 00:00:00+00:00,25.464285714285715,3.7000001,31.571734142857142
2012-05-04 00:00:00+00:00,26.592857142857145,7.9000001,26.809880714285715
2012-05-11 00:00:00+00:00,27.607142857142858,3.00000015,22.170619285714285
2012-05-18 00:00:00+00:00,27.357142857142858,2.0000001,31.573336
2012-05-25 00:00:00+00:00,27.55,4.0000003,27.946236857142857
2012-06-01 00:00:00+00:00,27.77857142857143,2.7000003,22.70227385714286
2012-06-08 00:00:00+00:00,28.314285714285713,0.5,23.014405714285715
2012-06-15 00:00:00+00:00,28.292857142857144,18.9999999,24.28493842857143
2012-06-22 00:00:00+00:00,28.635714285714283,9.7,22.884871428571426
2012-06-29 00:00:00+00:00,28.114285714285717,14.4999998,24.70343642857143
2012-07-06 00:00:00+00:00,27.87142857142857,61.8999995,20.884674
2012-07-13 00:00:00+00:00,28.2,11.10000085,29.3696
2012-07-20 00:00:00+00:00,27.7,48.3999984,26.88150871428571
2012-07-27 00:00:00+00:00,27.678571428571427,97.0000003,22.80203757142857
2012-08-03 00:00:00+00:00,28.099999999999998,47.1999991,21.933933
2012-08-10 00:00:00+00:00,27.99285714285714,47.6,22.77604142857143
2012-08-17 00:00:00+00:00,27.735714285714288,62.199996999999996,23.80674557142857
2012-08-24 00:00:00+00:00,27.264285714285712,48.599998,20.774012714285714
2012-08-31 00:00:00+00:00,28.071428571428573,19.10000144,18.16060457142857
2012-09-07 00:00:00+00:00,27.985714285714288,10.999999899999999,19.559387285714283
2012-09-14 00:00:00+00:00,28.0,50.700003089999996,28.639418142857146
2012-09-21 00:00:00+00:00,27.807142857142857,34.9999999,28.32926242857143
2012-09-28 00:00:00+00:00,28.207142857142856,43.300001,34.872026999999996
2012-10-05 00:00:00+00:00,27.8,15.2999999,24.695962285714284
2012-10-12 00:00:00+00:00,28.22142857142857,4.7000002,26.117575285714285
2012-10-19 00:00:00+00:00,27.928571428571427,4.5,30.333745571428572
2012-10-26 00:00:00+00:00,27.3,18.4999992,21.46775457142857
2012-11-02 00:00:00+00:00,27.735714285714288,1.4,30.104106714285713
2012-11-09 00:00:00+00:00,27.62857142857143,3.1,24.076834571428574
2012-11-16 00:00:00+00:00,26.642857142857142,0.6,25.338095285714285
2012-11-23 00:00:00+00:00,26.535714285714285,3.0000001000000003,24.476246285714286
2012-11-30 00:00:00+00:00,26.864285714285717,7.0000001,22.515549357142856
2012-12-07 00:00:00+00:00,26.685714285714287,3.2000003,24.66391642857143
2012-12-14 00:00:00+00:00,26.49285714285714,6.2000003,35.549242428571425
2012-12-21 00:00:00+00:00,26.12142857142857,3.40000005,31.00084485714286
2012-12-28 00:00:00+00:00,26.400000000000002,1.8000001,39.56089371428571
2013-01-04 00:00:00+00:00,25.92142857142857,2.8,28.48990942857143
2013-01-11 00:00:00+00:00,25.592857142857145,11.6999996,32.26936185714286
2013-01-18 00:00:00+00:00,25.157142857142855,1.2,27.41477
2013-01-25 00:00:00+00:00,24.514285714285712,1.40000005,27.642048857142857
2013-02-01 00:00:00+00:00,24.37857142857143,0.5,36.61700914285715
2013-02-08 00:00:00+00:00,25.885714285714283,4.0,30.766420857142858
2013-02-15 00:00:00+00:00,25.42142857142857,6.60000005,34.52085742857143
2013-02-22 00:00:00+00:00,25.321428571428573,11.500001099999999,36.098054
2013-03-01 00:00:00+00:00,25.792857142857144,4.2000001000000005,28.111286142857143
2013-03-08 00:00:00+00:00,25.52857142857143,4.8000001,28.83910128571429
2013-03-15 00:00:00+00:00,25.642857142857142,4.8000001999999995,32.63772957142857
2013-03-22 00:00:00+00:00,26.057142857142857,4.6000002,33.24096614285714
2013-03-29 00:00:00+00:00,26.264285714285712,1.1,29.133250285714286
2013-04-05 00:00:00+00:00,26.107142857142858,8.8999998,28.376451857142857
2013-04-12 00:00:00+00:00,26.457142857142856,0.0,22.224954571428572
2013-04-19 00:00:00+00:00,26.907142857142855,0.8,26.893919857142855
2013-04-26 00:00:00+00:00,26.985714285714288,1.8,23.609219285714286
2013-05-03 00:00:00+00:00,27.321428571428573,66.899998,24.122538
2013-05-10 00:00:00+00:00,27.37857142857143,8.3000003,26.00889057142857
2013-05-17 00:00:00+00:00,28.042857142857144,0.5,18.82364671428571
2013-05-24 00:00:00+00:00,27.821428571428573,34.0,16.937560285714287
2013-05-31 00:00:00+00:00,27.985714285714288,13.00000114,23.329384142857144
2013-06-07 00:00:00+00:00,28.064285714285713,3.30000015,26.005360214285712
2013-06-14 00:00:00+00:00,28.164285714285715,16.0000009,27.048844714285714
2013-06-21 00:00:00+00:00,28.064285714285713,17.2000001,22.324656
2013-06-28 00:00:00+00:00,28.585714285714285,12.499999800000001,26.540070857142858
2013-07-05 00:00:00+00:00,27.7,76.600001,27.024613714285714
2013-07-12 00:00:00+00:00,28.02857142857143,29.2999977,27.568265571428572
2013-07-19 00:00:00+00:00,28.24285714285714,11.90000004,20.89609542857143
2013-07-26 00:00:00+00:00,28.47142857142857,24.699999599999998,23.577713999999997
2013-08-02 00:00:00+00:00,28.814285714285713,16.30000015,27.27786371428571
2013-08-09 00:00:00+00:00,28.728571428571428,36.3999998,23.256143428571427
2013-08-16 00:00:00+00:00,28.642857142857142,23.700000499999998,21.785017571428572
2013-08-23 00:00:00+00:00,28.514285714285712,40.6999996,16.921624285714284
2013-08-30 00:00:00+00:00,28.87142857142857,22.6999997,18.135332642857144
2013-09-06 00:00:00+00:00,28.335714285714285,105.19999905,30.73197142857143
2013-09-13 00:00:00+00:00,28.178571428571427,52.500000099999994,27.796664857142854
2013-09-20 00:00:00+00:00,28.657142857142855,39.1999997,22.80600014285714
2013-09-27 00:00:00+00:00,28.335714285714285,10.2000002,22.219079857142855
2013-10-04 00:00:00+00:00,28.150000000000002,18.4999996,30.46093757142857
2013-10-11 00:00:00+00:00,27.807142857142857,115.4000022,30.169173285714287
2013-10-18 00:00:00+00:00,28.05,82.60000600000001,43.03077757142857
2013-10-25 00:00:00+00:00,28.22142857142857,7.0000003,30.109548714285715
2013-11-01 00:00:00+00:00,28.00714285714286,6.3000001,30.990059285714285
2013-11-08 00:00:00+00:00,27.364285714285717,3.9000000000000004,26.405185142857142
2013-11-15 00:00:00+00:00,27.77857142857143,2.1000001,29.032346714285715
2013-11-22 00:00:00+00:00,27.32857142857143,4.300000300000001,33.71500771428571
2013-11-29 00:00:00+00:00,27.642857142857142,1.9000001,26.343273285714286
2013-12-06 00:00:00+00:00,27.12857142857143,5.3000004,27.05248314285714
2013-12-13 00:00:00+00:00,26.50714285714286,1.00000004,26.72698957142857
2013-12-20 00:00:00+00:00,26.25714285714286,0.0,27.176917428571432
2013-12-27 00:00:00+00:00,26.55,3.0,27.17725257142857
2014-01-03 00:00:00+00:00,26.107142857142858,9.5000006,35.694244714285716
2014-01-10 00:00:00+00:00,25.942857142857143,9.0000003,35.746205571428575
2014-01-17 00:00:00+00:00,25.86428571428571,5.6000001,32.73789142857143
2014-01-24 00:00:00+00:00,25.764285714285712,85.800004,49.63975742857143
2014-01-31 00:00:00+00:00,25.49285714285714,6.3000002,35.50224357142857
2014-02-07 00:00:00+00:00,24.935714285714287,3.1000002,22.264347000000004
2014-02-14 00:00:00+00:00,25.014285714285712,10.4000009,28.185571642857145
2014-02-21 00:00:00+00:00,25.114285714285717,6.90000005,32.253396714285714
2014-02-28 00:00:00+00:00,25.335714285714285,62.8999996,48.237046142857146
2014-03-07 00:00:00+00:00,24.599999999999998,1.2,35.24132071428571
2014-03-14 00:00:00+00:00,25.635714285714283,1.10000004,30.728570142857144
2014-03-21 00:00:00+00:00,25.478571428571428,4.4000002,32.55418771428572
2014-03-28 00:00:00+00:00,25.564285714285713,3.1000002,31.074409857142857
2014-04-04 00:00:00+00:00,26.17142857142857,2.0000001,27.48499042857143
2014-04-11 00:00:00+00:00,26.864285714285717,73.600005,26.85661357142857
2014-04-18 00:00:00+00:00,27.142857142857142,1.3,22.732162999999996
2014-04-25 00:00:00+00:00,27.00714285714286,19.40000009,27.634240285714288
2014-05-02 00:00:00+00:00,26.835714285714285,6.3000001999999995,24.369728000000002
2014-05-09 00:00:00+00:00,26.52857142857143,2.5,26.722670285714287
2014-05-16 00:00:00+00:00,27.47142857142857,1.3,17.489667999999998
2014-05-23 00:00:00+00:00,27.835714285714285,16.39999994,25.126184428571428
2014-05-30 00:00:00+00:00,28.107142857142858,5.3000001,23.308320857142856
2014-06-06 00:00:00+00:00,27.82857142857143,45.200001,22.142178714285713
2014-06-13 00:00:00+00:00,28.442857142857143,1.0,18.139737785714285
2014-06-20 00:00:00+00:00,29.035714285714285,5.29999965,21.531771514285715
2014-06-27 00:00:00+00:00,28.650000000000002,24.30000124,30.848611857142856
2014-07-04 00:00:00+00:00,28.885714285714283,9.7999995,21.755667428571428
2014-07-11 00:00:00+00:00,28.985714285714288,21.4999999,21.774560857142855
2014-07-18 00:00:00+00:00,29.407142857142855,7.2000001000000005,23.126809142857145
2014-07-25 00:00:00+00:00,29.02857142857143,27.200002150000003,25.90098207142857
2014-08-01 00:00:00+00:00,28.792857142857144,44.899999300000005,21.77084442857143
2014-08-08 00:00:00+00:00,29.357142857142858,14.2000007,23.843260714285716
2014-08-15 00:00:00+00:00,28.892857142857142,52.4000011,25.634029857142856
2014-08-22 00:00:00+00:00,29.178571428571427,16.39999934,28.143736714285716
2014-08-29 00:00:00+00:00,28.957142857142856,48.199999899999995,27.114831714285717
2014-09-05 00:00:00+00:00,28.935714285714287,32.1,23.260311714285713
2014-09-12 00:00:00+00:00,28.892857142857142,15.1,24.334279714285714
2014-09-19 00:00:00+00:00,29.150000000000002,85.2000039,35.10628842857143
2014-09-26 00:00:00+00:00,29.05,26.2,33.35929828571428
2014-10-03 00:00:00+00:00,28.849999999999998,4.4,27.406410714285716
2014-10-10 00:00:00+00:00,28.585714285714285,68.2000026,26.86079342857143
2014-10-17 00:00:00+00:00,27.821428571428573,24.70000064,21.97735757142857
2014-10-24 00:00:00+00:00,28.349999999999998,4.70000025,30.736247
2014-10-31 00:00:00+00:00,28.435714285714287,19.50000004,35.16022028571429
2014-11-07 00:00:00+00:00,28.42142857142857,11.7000002,35.48285385714286
2014-11-14 00:00:00+00:00,28.07857142857143,3.2,26.489083714285716
2014-11-21 00:00:00+00:00,28.135714285714283,3.1000001,26.453266285714285
2014-11-28 00:00:00+00:00,27.307142857142857,14.3999998,36.139485
2014-12-05 00:00:00+00:00,26.928571428571427,16.9000001,34.43164771428572
2014-12-12 00:00:00+00:00,27.385714285714283,5.1,25.371938999999998
2014-12-19 00:00:00+00:00,27.135714285714283,3.3000000000000003,37.879418428571434
2014-12-26 00:00:00+00:00,27.142857142857142,4.6,27.625568428571427
2015-01-02 00:00:00+00:00,26.099999999999998,7.400000599999999,27.532144
2015-01-09 00:00:00+00:00,25.05,0.6,29.109836
2015-01-16 00:00:00+00:00,25.57857142857143,0.1,30.738730571428572
2015-01-23 00:00:00+00:00,26.092857142857145,27.900000300000002,37.77942842857143
2015-01-30 00:00:00+00:00,24.00714285714286,0.5,31.499298714285715
2015-02-06 00:00:00+00:00,25.0,57.6999979,36.72319028571428
2015-02-13 00:00:00+00:00,24.407142857142855,3.5000002,29.785328999999997
2015-02-20 00:00:00+00:00,22.914285714285715,1.2000000499999999,35.87813942857143
2015-02-27 00:00:00+00:00,24.49285714285714,1.5999999999999999,36.739818
2015-03-06 00:00:00+00:00,24.87857142857143,2.0,31.383873285714287
2015-03-13 00:00:00+00:00,25.535714285714285,71.5000051,38.388248999999995
2015-03-20 00:00:00+00:00,25.349999999999998,3.1999999999999997,23.626586571428568
2015-03-27 00:00:00+00:00,25.335714285714285,9.3000002,35.183029857142856
2015-04-03 00:00:00+00:00,24.907142857142855,2.5000002,35.403728
2015-04-10 00:00:00+00:00,25.785714285714285,5.6000002,32.96163857142857
2015-04-17 00:00:00+00:00,26.264285714285712,9.4000004,38.578340857142855
2015-04-24 00:00:00+00:00,26.235714285714288,9.7999997,30.915203428571427
2015-05-01 00:00:00+00:00,26.892857142857142,2.20000005,26.719572714285714
2015-05-08 00:00:00+00:00,27.02857142857143,2.70000015,33.601189857142856
2015-05-15 00:00:00+00:00,27.071428571428573,1.2000000000000002,30.350965142857145
2015-05-22 00:00:00+00:00,27.32857142857143,1.8,27.292322285714285
2015-05-29 00:00:00+00:00,27.557142857142857,3.6,30.16243442857143
2015-06-05 00:00:00+00:00,27.592857142857145,5.20000015,28.37732557142857
2015-06-12 00:00:00+00:00,27.735714285714288,2.4000000999999997,21.088521571428572
2015-06-19 00:00:00+00:00,28.435714285714287,7.7000001000000005,21.220434714285716
2015-06-26 00:00:00+00:00,28.585714285714285,3.6,30.00386542857143
2015-07-03 00:00:00+00:00,28.57857142857143,10.7000002,36.97385642857143
2015-07-10 00:00:00+00:00,28.47142857142857,28.20000215,28.5324
2015-07-17 00:00:00+00:00,28.235714285714288,44.5,24.724706571428573
2015-07-24 00:00:00+00:00,28.657142857142855,13.3999995,19.069226285714286
2015-07-31 00:00:00+00:00,28.464285714285715,60.8999965,31.024424142857146
2015-08-07 00:00:00+00:00,28.900000000000002,13.2,26.354963142857144
2015-08-14 00:00:00+00:00,28.907142857142855,44.9999987,48.00477542857143
2015-08-21 00:00:00+00:00,28.57857142857143,1.30000004,17.979002714285716
2015-08-28 00:00:00+00:00,28.685714285714287,10.0999998,17.132957214285714
2015-09-04 00:00:00+00:00,28.821428571428573,5.1,19.75464857142857
2015-09-11 00:00:00+00:00,28.921428571428574,35.500001,28.25231685714286
2015-09-18 00:00:00+00:00,29.085714285714285,34.7999989,26.025395857142858
2015-09-25 00:00:00+00:00,29.107142857142858,8.899999900000001,30.022153428571432
2015-10-02 00:00:00+00:00,28.564285714285713,126.9000081,47.86331357142857
2015-10-09 00:00:00+00:00,28.57857142857143,60.300004200000004,43.65745714285714
2015-10-16 00:00:00+00:00,28.342857142857145,73.5999982,32.513999142857145
2015-10-23 00:00:00+00:00,28.3,7.0999996,22.99808242857143
2015-10-30 00:00:00+00:00,28.12857142857143,9.3000004,38.24963814285714
2015-11-06 00:00:00+00:00,27.74285714285714,13.40000045,32.983999
2015-11-13 00:00:00+00:00,27.357142857142858,3.4000000999999997,37.33741414285714
2015-11-20 00:00:00+00:00,27.392857142857142,4.2000001,35.55344785714286
2015-11-27 00:00:00+00:00,27.392857142857142,4.8000004,34.17273657142857
2015-12-04 00:00:00+00:00,26.978571428571428,3.20000014,34.63762271428571
2015-12-11 00:00:00+00:00,26.571428571428573,0.30000000000000004,30.370564857142856
2015-12-18 00:00:00+00:00,25.62857142857143,9.10000034,36.190517428571425
2015-12-25 00:00:00+00:00,26.17142857142857,1.1,32.681822571428576
2016-01-01 00:00:00+00:00,26.142857142857142,6.80000025,30.76700242857143
2016-01-08 00:00:00+00:00,25.592857142857145,0.0,17.318314714285716
2016-01-15 00:00:00+00:00,26.37142857142857,13.2000002,22.883128
2016-01-22 00:00:00+00:00,25.614285714285717,4.6000003000000005,27.204744
2016-01-29 00:00:00+00:00,25.47142857142857,0.0,25.770159
2016-02-05 00:00:00+00:00,25.842857142857145,3.60000015,30.73971514285714
2016-02-12 00:00:00+00:00,24.542857142857144,4.6000002,38.984887
2016-02-19 00:00:00+00:00,25.52857142857143,1.4000000000000001,37.974926999999994
2016-02-26 00:00:00+00:00,25.657142857142855,5.9000002,30.930140714285717
2016-03-04 00:00:00+00:00,24.55,4.4999997,40.131287
2016-03-11 00:00:00+00:00,25.55,3.2,29.62974614285714
2016-03-18 00:00:00+00:00,25.035714285714285,2.9000002,22.004748714285714
2016-03-25 00:00:00+00:00,25.87142857142857,5.1000002,26.755294714285714
2016-04-01 00:00:00+00:00,24.87857142857143,7.3000003,33.34355428571428
2016-04-08 00:00:00+00:00,25.907142857142855,3.0,28.348773
2016-04-15 00:00:00+00:00,25.885714285714283,1.5,35.288182
2016-04-22 00:00:00+00:00,26.02857142857143,2.0000001000000003,26.727097285714283
2016-04-29 00:00:00+00:00,26.62857142857143,5.5,26.53076657142857
2016-05-06 00:00:00+00:00,26.25,11.3000007,31.460500999999997
2016-05-13 00:00:00+00:00,26.62142857142857,14.6999986,19.25699524285714
2016-05-20 00:00:00+00:00,27.321428571428573,14.10000005,18.38039457142857
2016-05-27 00:00:00+00:00,27.535714285714285,5.40000004,21.161651857142857
2016-06-03 00:00:00+00:00,28.185714285714287,0.6,17.2074458
2016-06-10 00:00:00+00:00,28.5,19.2999995,12.620682242857143
2016-06-17 00:00:00+00:00,28.792857142857144,9.7,19.504914857142857
2016-06-24 00:00:00+00:00,28.657142857142855,7.7999999,28.965454857142856
2016-07-01 00:00:00+00:00,28.849999999999998,17.00000004,24.144253714285714
2016-07-08 00:00:00+00:00,28.771428571428572,11.10000005,22.05192442857143
2016-07-15 00:00:00+00:00,28.707142857142856,53.10000049999999,22.821144
2016-07-22 00:00:00+00:00,28.67142857142857,22.4999991,19.677691714285714
2016-07-29 00:00:00+00:00,28.24285714285714,159.00000599999998,29.400135142857145
2016-08-05 00:00:00+00:00,28.62857142857143,127.50000603999999,43.25855971428572
2016-08-12 00:00:00+00:00,28.32857142857143,64.3999994,30.356586071428573
2016-08-19 00:00:00+00:00,28.400000000000002,77.7000017,32.663110857142854
2016-08-26 00:00:00+00:00,28.585714285714285,71.7000075,23.388114285714288
2016-09-02 00:00:00+00:00,28.364285714285717,40.300000100000005,21.382921714285715
2016-09-09 00:00:00+00:00,28.849999999999998,19.1999988,30.81657842857143
2016-09-16 00:00:00+00:00,28.514285714285712,24.6999991,32.994336
2016-09-23 00:00:00+00:00,28.25,64.000001,37.13370442857143
2016-09-30 00:00:00+00:00,28.571428571428573,8.2000004,31.543581
2016-10-07 00:00:00+00:00,28.557142857142857,60.7999991,34.80112557142857
2016-10-14 00:00:00+00:00,28.428571428571427,33.30000164,26.017248285714285
2016-10-21 00:00:00+00:00,28.385714285714283,16.3000003,17.769181857142858
2016-10-28 00:00:00+00:00,28.478571428571428,68.7000002,41.55811142857143
2016-11-04 00:00:00+00:00,28.321428571428573,42.9000002,30.993702714285714
2016-11-11 00:00:00+00:00,28.042857142857144,18.00000104,30.383612
2016-11-18 00:00:00+00:00,27.821428571428573,2.1,28.68692814285714
2016-11-25 00:00:00+00:00,27.62857142857143,2.5000002,36.31378842857143
2016-12-02 00:00:00+00:00,27.428571428571427,2.6,34.71137514285714
2016-12-09 00:00:00+00:00,26.978571428571428,5.7999997500000005,32.07689957142857
2016-12-16 00:00:00+00:00,27.285714285714285,1.9,37.59183728571429
2016-12-23 00:00:00+00:00,26.8,15.5999994,31.376247714285714
2016-12-30 00:00:00+00:00,26.00714285714286,24.3999998,30.91075342857143
2017-01-06 00:00:00+00:00,25.900000000000002,5.8000001999999995,30.238385142857144
2017-01-13 00:00:00+00:00,25.62857142857143,33.7000015,35.017243
2017-01-20 00:00:00+00:00,25.82857142857143,12.7000002,31.225707857142854
2017-01-27 00:00:00+00:00,25.62857142857143,8.7,38.86380785714285
2017-02-03 00:00:00+00:00,25.02857142857143,27.5999981,33.44600342857143
2017-02-10 00:00:00+00:00,24.935714285714287,7.8000003,33.48785657142857
2017-02-17 00:00:00+00:00,25.099999999999998,4.00000025,36.00670985714286
2017-02-24 00:00:00+00:00,25.3,2.2,28.523144857142857
2017-03-03 00:00:00+00:00,25.892857142857142,1.6000000399999998,25.671798142857142
2017-03-10 00:00:00+00:00,25.357142857142858,57.700003800000005,29.934765285714285
2017-03-17 00:00:00+00:00,25.235714285714288,3.2000002,29.530638857142858
2017-03-24 00:00:00+00:00,25.735714285714288,6.40000015,28.482142142857146
2017-03-31 00:00:00+00:00,25.97142857142857,38.69999905,31.721977428571428
2017-04-07 00:00:00+00:00,26.12142857142857,4.2000003,32.454618714285715
2017-04-14 00:00:00+00:00,26.664285714285715,4.2000001,29.224042857142855
2017-04-21 00:00:00+00:00,26.835714285714285,18.9000004,29.065403571428572
2017-04-28 00:00:00+00:00,27.25714285714286,5.80000055,28.742036857142857
2017-05-05 00:00:00+00:00,27.3,10.1000002,30.942471714285716
2017-05-12 00:00:00+00:00,27.385714285714283,2.60000013,28.838166285714287
2017-05-19 00:00:00+00:00,27.72142857142857,10.60000025,26.23868728571429
2017-05-26 00:00:00+00:00,27.657142857142855,3.0000000399999998,20.99359714285714
2017-06-02 00:00:00+00:00,28.364285714285717,5.70000009,20.834467714285715
2017-06-09 00:00:00+00:00,28.814285714285713,11.300000299999999,20.839712428571428
2017-06-16 00:00:00+00:00,28.55,12.0000004,28.148910857142855
2017-06-23 00:00:00+00:00,28.821428571428573,13.5000006,30.27962314285714
2017-06-30 00:00:00+00:00,28.942857142857143,15.70000014,24.324138428571427
2017-07-07 00:00:00+00:00,28.928571428571427,14.9,26.20455242857143
2017-07-14 00:00:00+00:00,28.807142857142857,21.0999996,22.269382428571426
2017-07-21 00:00:00+00:00,29.17142857142857,96.20000110000001,28.27590514285714
2017-07-28 00:00:00+00:00,29.157142857142855,83.80000270000001,32.10620514285714
2017-08-04 00:00:00+00:00,28.892857142857142,37.3999992,24.993828142857144
2017-08-11 00:00:00+00:00,29.25714285714286,19.4000005,18.53898785714286
2017-08-18 00:00:00+00:00,29.05,52.800000600000004,28.13921828571429
2017-08-25 00:00:00+00:00,28.49285714285714,180.5999961,34.47929214285714
2017-09-01 00:00:00+00:00,28.82857142857143,23.99999875,25.11852014285714
2017-09-08 00:00:00+00:00,28.714285714285715,32.7000012,30.368372714285716
2017-09-15 00:00:00+00:00,28.75714285714286,14.5000002,26.880016
2017-09-22 00:00:00+00:00,28.964285714285715,13.9000004,21.903626714285714
2017-09-29 00:00:00+00:00,28.728571428571428,43.5999993,27.488874000000003
2017-10-06 00:00:00+00:00,28.814285714285713,23.9999993,35.895928
2017-10-13 00:00:00+00:00,28.464285714285715,31.7999988,32.008627714285716
2017-10-20 00:00:00+00:00,29.014285714285712,13.3,28.923291714285714
2017-10-27 00:00:00+00:00,28.842857142857145,14.900000599999998,32.401599
2017-11-03 00:00:00+00:00,28.021428571428572,16.3,31.890136285714284
2017-11-10 00:00:00+00:00,28.014285714285712,10.90000035,36.935213
2017-11-17 00:00:00+00:00,27.7,2.3,29.710470571428573
2017-11-24 00:00:00+00:00,27.99285714285714,19.3999991,41.55767471428572
2017-12-01 00:00:00+00:00,27.864285714285717,23.90000044,38.643503
2017-12-08 00:00:00+00:00,27.864285714285717,13.6999992,31.356649
2017-12-15 00:00:00+00:00,27.664285714285715,7.4000003,33.97151442857143
2017-12-22 00:00:00+00:00,27.307142857142857,7.3000003,28.776812142857146
2017-12-29 00:00:00+00:00,26.764285714285712,21.499998400000003,28.984688428571427
2018-01-05 00:00:00+00:00,26.564285714285713,8.40000015,32.362375
2018-01-12 00:00:00+00:00,26.592857142857145,16.300000999999998,35.201735285714285
2018-01-19 00:00:00+00:00,26.057142857142857,2.50000004,29.22941142857143
2018-01-26 00:00:00+00:00,25.67142857142857,3.00000015,31.438138714285714
2018-02-02 00:00:00+00:00,26.235714285714288,2.6000001,27.25160657142857
2018-02-09 00:00:00+00:00,26.207142857142856,4.40000034,37.08901314285714
2018-02-16 00:00:00+00:00,25.885714285714283,7.999999900000001,28.287440428571426
2018-02-23 00:00:00+00:00,26.392857142857142,2.8,28.923000857142856
2018-03-02 00:00:00+00:00,25.821428571428573,21.99999864,27.946649571428573
2018-03-09 00:00:00+00:00,25.835714285714285,16.5000004,32.608188285714284
2018-03-16 00:00:00+00:00,25.928571428571427,2.2000001,40.296502999999994
2018-03-23 00:00:00+00:00,26.064285714285713,5.6000001,36.631614
2018-03-30 00:00:00+00:00,26.107142857142858,47.699999500000004,42.66881314285714
2018-04-06 00:00:00+00:00,25.592857142857145,7.7000007,35.27389514285714
2018-04-13 00:00:00+00:00,26.428571428571427,4.60000019,36.42317014285714
2018-04-20 00:00:00+00:00,26.557142857142857,7.59999994,32.688342
2018-04-27 00:00:00+00:00,26.82857142857143,9.400000590000001,36.96816485714286
2018-05-04 00:00:00+00:00,26.74285714285714,55.7000022,39.698618
2018-05-11 00:00:00+00:00,26.97142857142857,15.5999996,29.620980857142857
2018-05-18 00:00:00+00:00,27.021428571428572,67.200003,30.251333714285714
2018-05-25 00:00:00+00:00,27.235714285714288,9.6999989,29.624288
2018-06-01 00:00:00+00:00,27.092857142857145,6.8000002,27.86007
2018-06-08 00:00:00+00:00,27.650000000000002,4.0000002,18.63095285714286
2018-06-15 00:00:00+00:00,28.435714285714287,4.60000025,18.03661857142857
2018-06-22 00:00:00+00:00,28.428571428571427,23.7999999,31.130697714285713
2018-06-29 00:00:00+00:00,28.25,9.7000002,34.218444142857145
2018-07-06 00:00:00+00:00,28.05,49.6999973,28.59458228571429
2018-07-13 00:00:00+00:00,27.22142857142857,133.1000145,22.587026714285713
2018-07-20 00:00:00+00:00,28.00714285714286,104.400004,25.798537285714286
2018-07-27 00:00:00+00:00,28.12142857142857,109.8999974,29.320989285714283
2018-08-03 00:00:00+00:00,28.87857142857143,23.8,27.272131285714288
2018-08-10 00:00:00+00:00,28.5,56.1000016,33.533085
2018-08-17 00:00:00+00:00,28.385714285714283,50.59999905,34.11664471428572
2018-08-24 00:00:00+00:00,28.49285714285714,43.09999875,31.882114
2018-08-31 00:00:00+00:00,28.457142857142856,11.39999915,25.588645857142858
2018-09-07 00:00:00+00:00,28.849999999999998,8.80000034,28.85503242857143
2018-09-14 00:00:00+00:00,28.728571428571428,28.1999993,29.489072857142855
2018-09-21 00:00:00+00:00,28.707142857142856,58.3000061,31.733696142857145
2018-09-28 00:00:00+00:00,28.849999999999998,15.8999987,28.778730142857142
2018-10-05 00:00:00+00:00,28.7,7.6999999,34.375819
2018-10-12 00:00:00+00:00,28.335714285714285,58.999995,36.108556428571426
2018-10-19 00:00:00+00:00,28.264285714285712,37.3999997,33.284848571428576
2018-10-26 00:00:00+00:00,28.314285714285713,4.6000002,28.355921285714285
2018-11-02 00:00:00+00:00,28.207142857142856,1.9000001000000002,23.872584571428572
2018-11-09 00:00:00+00:00,28.12857142857143,5.99999999,27.51128242857143
2018-11-16 00:00:00+00:00,27.75714285714286,6.100000099999999,22.735718714285717
2018-11-23 00:00:00+00:00,27.77857142857143,11.199999700000001,26.644451142857143
2018-11-30 00:00:00+00:00,27.55,14.9999991,42.50233528571429
2018-12-07 00:00:00+00:00,27.414285714285715,5.2000002400000005,36.14689871428571
2018-12-14 00:00:00+00:00,27.25,7.6000005,32.584802857142854
2018-12-21 00:00:00+00:00,26.685714285714287,19.2000013,27.302249
2018-12-28 00:00:00+00:00,26.057142857142857,6.0999996,28.580736
2019-01-04 00:00:00+00:00,25.392857142857142,3.5999999000000003,30.217757142857142
2019-01-11 00:00:00+00:00,25.342857142857145,4.40000034,26.166368857142857
2019-01-18 00:00:00+00:00,24.978571428571428,0.80000005,22.098336714285715
2019-01-25 00:00:00+00:00,25.12857142857143,9.6999999,35.122773
2019-02-01 00:00:00+00:00,25.214285714285715,5.39999995,37.10007628571429
2019-02-08 00:00:00+00:00,25.52857142857143,3.0000001,29.18960057142857
2019-02-15 00:00:00+00:00,25.25,5.5000003,35.767300999999996
2019-02-22 00:00:00+00:00,25.978571428571428,4.0000006,32.601994
2019-03-01 00:00:00+00:00,26.17142857142857,4.40000039,22.30894542857143
2019-03-08 00:00:00+00:00,26.400000000000002,5.8000004,29.666740142857144
2019-03-15 00:00:00+00:00,26.307142857142857,4.8000003,26.501017142857144
2019-03-22 00:00:00+00:00,25.8,2.3000002000000004,21.815518714285712
2019-03-29 00:00:00+00:00,26.407142857142855,4.800000000000001,21.991861
2019-04-05 00:00:00+00:00,26.314285714285713,6.9000002,28.250507714285714
2019-04-12 00:00:00+00:00,26.907142857142855,4.9000003,24.093370999999998
2019-04-19 00:00:00+00:00,27.178571428571427,2.3000001,21.56416828571429
2019-04-26 00:00:00+00:00,27.32857142857143,9.29999975,27.083063285714285
2019-05-03 00:00:00+00:00,27.478571428571428,5.9000003,25.637456714285715
2019-05-10 00:00:00+00:00,27.728571428571428,1.8000001,23.418833571428568
2019-05-17 00:00:00+00:00,27.599999999999998,60.3000082,23.48545357142857
2019-05-24 00:00:00+00:00,27.585714285714285,35.6999995,21.548633571428574
2019-05-31 00:00:00+00:00,28.435714285714287,2.7000002,20.784331714285713
2019-06-07 00:00:00+00:00,28.442857142857143,3.70000008,24.109139857142857
2019-06-14 00:00:00+00:00,28.557142857142857,20.1,25.618020714285713
2019-06-21 00:00:00+00:00,28.714285714285715,9.40000034,25.606238571428573
2019-06-28 00:00:00+00:00,28.77857142857143,9.4000005,27.471930571428572
2019-07-05 00:00:00+00:00,28.985714285714288,4.8000000400000005,22.435537285714286
2019-07-12 00:00:00+00:00,29.042857142857144,32.8999988,28.128805
2019-07-19 00:00:00+00:00,29.071428571428573,27.600000299999998,25.17327928571429
2019-07-26 00:00:00+00:00,28.057142857142857,223.69999239999999,27.509187714285712
2019-08-02 00:00:00+00:00,28.685714285714287,81.90000140000001,32.92400542857143
2019-08-09 00:00:00+00:00,28.678571428571427,39.899999300000005,23.460385714285714
2019-08-16 00:00:00+00:00,29.22142857142857,13.3999998,18.99375914285714
2019-08-23 00:00:00+00:00,29.24285714285714,38.5000024,28.002982857142857
2019-08-30 00:00:00+00:00,29.092857142857145,50.499999200000005,34.263508
2019-09-06 00:00:00+00:00,28.86428571428571,42.3000012,26.512409428571427
2019-09-13 00:00:00+00:00,29.07857142857143,35.3999981,27.274801285714286
2019-09-20 00:00:00+00:00,29.3,40.9999999,31.246581999999997
2019-09-27 00:00:00+00:00,28.792857142857144,13.4999992,23.572486285714287
2019-10-04 00:00:00+00:00,29.22142857142857,44.1000004,34.195010857142854
2019-10-11 00:00:00+00:00,28.521428571428572,23.1999992,30.387036
2019-10-18 00:00:00+00:00,28.99285714285714,5.60000024,34.40071285714286
2019-10-25 00:00:00+00:00,28.692857142857143,21.9999993,36.03175028571429
2019-11-01 00:00:00+00:00,28.485714285714288,109.2000049,45.944903571428576
2019-11-08 00:00:00+00:00,28.357142857142858,11.7999998,28.880916714285714
2019-11-15 00:00:00+00:00,28.314285714285713,4.2000003,32.981286571428576
2019-11-22 00:00:00+00:00,27.75,14.2999984,50.679157
2019-11-29 00:00:00+00:00,27.392857142857142,2.3000002,34.90926985714286
2019-12-06 00:00:00+00:00,27.107142857142858,60.399991799999995,37.01476771428571
2019-12-13 00:00:00+00:00,27.021428571428572,2.60000014,34.74700828571429
2019-12-20 00:00:00+00:00,26.485714285714288,5.8999997,35.013762285714286
2019-12-27 00:00:00+00:00,25.92142857142857,2.5000001,33.207466000000004
2020-01-03 00:00:00+00:00,25.47142857142857,4.499999799999999,27.251368285714285
2020-01-10 00:00:00+00:00,25.407142857142855,1.7000000499999999,31.333499285714286
2020-01-17 00:00:00+00:00,25.535714285714285,7.6999996,30.971584142857143
2020-01-24 00:00:00+00:00,25.36428571428571,0.8,31.755184571428572
2020-01-31 00:00:00+00:00,25.25714285714286,20.2000013,31.96558285714286
2020-02-07 00:00:00+00:00,24.692857142857143,9.4000006,37.00540071428571
2020-02-14 00:00:00+00:00,24.885714285714283,2.7000001399999998,38.125224
2020-02-21 00:00:00+00:00,24.95,52.79999964,30.964118000000003
2020-02-28 00:00:00+00:00,24.92142857142857,2.6000002,34.436209857142856
2020-03-06 00:00:00+00:00,25.37857142857143,7.4000003,23.100991571428573
2020-03-13 00:00:00+00:00,25.72142857142857,1.4,23.680451
2020-03-20 00:00:00+00:00,25.485714285714288,6.9000003,26.484689857142858
2020-03-27 00:00:00+00:00,25.521428571428572,3.60000025,38.711405428571425
2020-04-03 00:00:00+00:00,26.02857142857143,3.4000003000000003,29.81348142857143
2020-04-10 00:00:00+00:00,26.37857142857143,4.8000001999999995,24.089874857142856
2020-04-17 00:00:00+00:00,26.97142857142857,4.1000002,24.596620857142856
2020-04-24 00:00:00+00:00,26.885714285714283,7.2000005499999995,33.02850371428571
2020-05-01 00:00:00+00:00,27.114285714285717,6.4000003,26.912440428571426
2020-05-08 00:00:00+00:00,27.5,13.1000008,21.400645285714287
2020-05-15 00:00:00+00:00,27.7,5.60000015,20.09880642857143
2020-05-22 00:00:00+00:00,27.942857142857143,4.000000200000001,22.98346442857143
2020-05-29 00:00:00+00:00,28.02857142857143,6.5000002,21.234224428571427
2020-06-05 00:00:00+00:00,28.478571428571428,14.8000001,21.12231464285714
2020-06-12 00:00:00+00:00,28.685714285714287,6.50000045,23.186645857142857
2020-06-19 00:00:00+00:00,28.864285714285717,13.1999998,29.451191857142856
2020-06-26 00:00:00+00:00,28.807142857142857,7.4000001,27.243821571428573
2020-07-03 00:00:00+00:00,28.485714285714288,48.5999995,29.952024571428574
2020-07-10 00:00:00+00:00,28.97142857142857,15.6999992,31.24000128571429
2020-07-17 00:00:00+00:00,28.75714285714286,26.5999996,32.002048
2020-07-24 00:00:00+00:00,28.557142857142857,24.2999996,25.928776857142857
2020-07-31 00:00:00+00:00,29.150000000000002,17.299999200000002,27.732603714285716
2020-08-07 00:00:00+00:00,28.885714285714283,27.599997600000002,27.926716571428575
2020-08-14 00:00:00+00:00,28.685714285714287,29.6000007,20.618812571428574
2020-08-21 00:00:00+00:00,28.614285714285717,38.7999991,18.18198035714286
2020-08-28 00:00:00+00:00,29.642857142857142,23.0999989,26.303886000000002
2020-09-04 00:00:00+00:00,28.964285714285715,48.7999976,25.848203
2020-09-11 00:00:00+00:00,28.957142857142856,19.40000054,23.517020000000002
2020-09-18 00:00:00+00:00,29.042857142857144,20.8999989,20.46346685714286
2020-09-25 00:00:00+00:00,28.785714285714285,82.400002,29.91974942857143
2020-10-02 00:00:00+00:00,29.064285714285713,22.9999994,31.464941000000003
2020-10-09 00:00:00+00:00,28.564285714285713,54.9000001,31.025914
2020-10-16 00:00:00+00:00,28.728571428571428,12.4000004,30.963028
2020-10-23 00:00:00+00:00,28.7,12.100001299999999,28.329941571428574
2020-10-30 00:00:00+00:00,28.685714285714287,6.7,28.43138114285714
2020-11-06 00:00:00+00:00,28.599999999999998,8.3000002,34.64023757142857
2020-11-13 00:00:00+00:00,27.92142857142857,11.4,27.545015142857146
2020-11-20 00:00:00+00:00,28.25714285714286,17.7999996,36.02502057142857
2020-11-27 00:00:00+00:00,28.014285714285712,4.3000000400000005,35.79898814285714
2020-12-04 00:00:00+00:00,27.571428571428573,3.00000015,27.452909285714288
2020-12-11 00:00:00+00:00,27.17142857142857,3.50000025,19.395746714285714
2020-12-18 00:00:00+00:00,27.042857142857144,8.20000064,33.670600285714286
2020-12-25 00:00:00+00:00,27.135714285714283,4.70000015,24.935414714285713
2021-01-01 00:00:00+00:00,27.085714285714285,6.0999999,31.125677142857143
2021-01-08 00:00:00+00:00,27.32857142857143,2.60000005,27.819407428571427
2021-01-15 00:00:00+00:00,26.985714285714288,3.6000000500000002,30.907859142857145
2021-01-22 00:00:00+00:00,26.099999999999998,38.2000011,34.44114857142857
2021-01-29 00:00:00+00:00,26.285714285714285,8.50000015,34.24776621428571
2021-02-05 00:00:00+00:00,25.87857142857143,43.2999988,25.329174857142856
2021-02-12 00:00:00+00:00,25.82857142857143,2.60000015,32.710650428571434
2021-02-19 00:00:00+00:00,26.3,7.1999998000000005,28.95319914285714
2021-02-26 00:00:00+00:00,26.607142857142858,5.3000004,32.550805857142855
2021-03-05 00:00:00+00:00,25.771428571428572,4.8000004,28.485836428571428
2021-03-12 00:00:00+00:00,26.314285714285713,8.50000025,27.511267857142855
2021-03-19 00:00:00+00:00,26.55,27.300002,28.766307285714284
2021-03-26 00:00:00+00:00,26.021428571428572,39.499999849999995,32.24376414285714
2021-04-02 00:00:00+00:00,26.12857142857143,22.5000004,20.64446785714286
2021-04-09 00:00:00+00:00,26.55,23.20000065,30.308415
2021-04-16 00:00:00+00:00,26.77857142857143,3.4000000999999997,28.171043142857144
2021-04-23 00:00:00+00:00,26.835714285714285,24.7999998,29.431853571428572
2021-04-30 00:00:00+00:00,27.792857142857144,5.70000014,32.78641471428572
2021-05-07 00:00:00+00:00,27.614285714285717,10.199999850000001,34.974330571428574
2021-05-14 00:00:00+00:00,27.62857142857143,10.6000007,30.204115714285713
2021-05-21 00:00:00+00:00,27.942857142857143,13.6000011,30.82915657142857
2021-05-28 00:00:00+00:00,27.87857142857143,7.2000002,24.967250714285715
2021-06-04 00:00:00+00:00,28.32857142857143,43.3999997,20.15791557142857
2021-06-11 00:00:00+00:00,28.728571428571428,11.8999999,19.98481042857143
2021-06-18 00:00:00+00:00,28.72142857142857,21.9,28.714192999999998
2021-06-25 00:00:00+00:00,28.785714285714285,36.9,34.253752
2021-07-02 00:00:00+00:00,28.657142857142855,30.8999997,29.98290057142857
2021-07-09 00:00:00+00:00,28.42142857142857,20.1999997,25.330312
2021-07-16 00:00:00+00:00,28.642857142857142,48.2000013,27.114489999999996
2021-07-23 00:00:00+00:00,28.271428571428572,34.2000012,28.403233
2021-07-30 00:00:00+00:00,28.17142857142857,167.0999994,33.12749628571429
2021-08-06 00:00:00+00:00,28.50714285714286,32.59999954,26.685489
2021-08-13 00:00:00+00:00,28.792857142857144,27.9000003,32.14872428571429
2021-08-20 00:00:00+00:00,28.52857142857143,26.0000012,19.949756714285716
2021-08-27 00:00:00+00:00,28.885714285714283,27.29999895,25.26383571428571
2021-09-03 00:00:00+00:00,28.792857142857144,13.70000014,26.49980185714286
2021-09-10 00:00:00+00:00,28.95,16.60000089,24.991859857142856
2021-09-17 00:00:00+00:00,29.085714285714285,9.7,25.45781957142857
2021-09-24 00:00:00+00:00,28.47142857142857,171.499997,37.62122671428572
2021-10-01 00:00:00+00:00,28.685714285714287,10.10000015,24.137801142857143
2021-10-08 00:00:00+00:00,28.564285714285713,148.1000025,44.776631
2021-10-15 00:00:00+00:00,28.614285714285717,54.600002,27.11205457142857
2021-10-22 00:00:00+00:00,28.599999999999998,24.500000399999998,28.032092428571428
2021-10-29 00:00:00+00:00,28.642857142857142,28.59999975,24.577872285714285
2021-11-05 00:00:00+00:00,28.67142857142857,2.6000001,25.795611285714283
2021-11-12 00:00:00+00:00,28.7,4.30000005,33.52573528571428
2021-11-19 00:00:00+00:00,28.37142857142857,0.1,27.717783714285712
2021-11-26 00:00:00+00:00,28.185714285714287,13.700001099999998,40.08347785714285
2021-12-03 00:00:00+00:00,27.928571428571427,37.4999982,40.915825857142856
2021-12-10 00:00:00+00:00,27.014285714285712,8.2999998,33.401810142857144
2021-12-17 00:00:00+00:00,26.99285714285714,5.2000001000000005,27.702371
2021-12-24 00:00:00+00:00,26.32857142857143,4.4999998,31.795778285714285
2021-12-31 00:00:00+00:00,25.442857142857143,9.6,32.308659142857145
2022-01-07 00:00:00+00:00,26.428571428571427,6.3000001999999995,28.667905142857144
2022-01-14 00:00:00+00:00,25.092857142857145,1.8000001,27.094794714285715
2022-01-21 00:00:00+00:00,25.7,2.7000001,25.682035000000003
2022-01-28 00:00:00+00:00,25.585714285714285,0.8,28.560665142857147
2022-02-04 00:00:00+00:00,25.114285714285717,0.2,25.033534285714286
2022-02-11 00:00:00+00:00,25.0,1.0,27.203139142857143
2022-02-18 00:00:00+00:00,25.564285714285713,14.29999974,37.58018657142857
2022-02-25 00:00:00+00:00,25.678571428571427,5.59999964,32.38960071428571
2022-03-04 00:00:00+00:00,26.607142857142858,5.0000001,23.834539857142857
2022-03-11 00:00:00+00:00,25.7,12.6000007,35.672270142857144
2022-03-18 00:00:00+00:00,26.607142857142858,7.800000000000001,33.4853
2022-03-25 00:00:00+00:00,26.392857142857142,16.49999964,45.686736714285715
2022-04-01 00:00:00+00:00,26.614285714285717,6.10000044,33.985786142857144
2022-04-08 00:00:00+00:00,26.37142857142857,11.7000002,38.50531028571429
2022-04-15 00:00:00+00:00,26.650000000000002,6.0000001,27.754656714285716
2022-04-22 00:00:00+00:00,26.942857142857143,15.1999999,34.00384271428572
2022-04-29 00:00:00+00:00,27.235714285714288,6.7000003,31.172328714285715
2022-05-06 00:00:00+00:00,27.22142857142857,7.1,29.501898571428573
2022-05-13 00:00:00+00:00,27.585714285714285,5.4000004,23.53375342857143
2022-05-20 00:00:00+00:00,28.22142857142857,1.90000005,20.47417528571429
2022-05-27 00:00:00+00:00,28.607142857142858,14.5000005,16.61849342857143
2022-06-03 00:00:00+00:00,29.264285714285712,3.9000000000000004,21.95259657142857
2022-06-10 00:00:00+00:00,29.014285714285712,7.4999996,24.838573142857143
2022-06-17 00:00:00+00:00,29.32857142857143,17.1000008,29.62949442857143
2022-06-24 00:00:00+00:00,28.77857142857143,37.300002,28.780293571428576
2022-07-01 00:00:00+00:00,28.50714285714286,30.799999800000002,27.21640628571429
2022-07-08 00:00:00+00:00,29.035714285714285,13.399999900000001,21.992812285714283
2022-07-15 00:00:00+00:00,29.12142857142857,35.700002,26.160934571428573
2022-07-22 00:00:00+00:00,28.87142857142857,44.2999999,30.239571285714284
2022-07-29 00:00:00+00:00,28.807142857142857,46.199999,25.35778242857143
2022-08-05 00:00:00+00:00,29.2,33.699999139999996,29.465829285714285
2022-08-12 00:00:00+00:00,29.25714285714286,21.9000012,21.81845157142857
2022-08-19 00:00:00+00:00,28.092857142857145,125.89999879999999,25.822961142857142
2022-08-26 00:00:00+00:00,28.24285714285714,76.80000100000001,27.254885714285713
2022-09-02 00:00:00+00:00,29.307142857142857,38.7000012,22.141774571428574
2022-09-09 00:00:00+00:00,28.87142857142857,49.39999775,26.09351571428572
2022-09-16 00:00:00+00:00,29.22142857142857,27.4000005,21.469454428571428
2022-09-23 00:00:00+00:00,29.057142857142857,34.800002,30.906358714285712
2022-09-30 00:00:00+00:00,29.0,57.3999995,30.182278
2022-10-07 00:00:00+00:00,28.185714285714287,115.50000320000001,33.207230571428575
2022-10-14 00:00:00+00:00,28.77857142857143,88.599998,28.500369714285714
2022-10-21 00:00:00+00:00,28.77857142857143,16.30000005,34.33577428571429
2022-10-28 00:00:00+00:00,28.357142857142858,23.90000005,24.701616142857144
2022-11-04 00:00:00+00:00,28.707142857142856,3.9000001,22.860713999999998
2022-11-11 00:00:00+00:00,28.17142857142857,21.599999999999998,28.096341571428574
2022-11-18 00:00:00+00:00,28.3,20.2000014,25.629471285714285
2022-11-25 00:00:00+00:00,28.085714285714285,23.599999,34.740913142857146
2022-12-02 00:00:00+00:00,28.135714285714283,11.7999998,40.11724542857143
2022-12-09 00:00:00+00:00,27.62142857142857,4.8999999,28.119995285714285
2022-12-16 00:00:00+00:00,27.45,17.100001300000002,37.52422428571429
2022-12-23 00:00:00+00:00,26.771428571428572,21.80000005,36.95502914285714
2022-12-30 00:00:00+00:00,25.95,5.3000001,32.13748471428572
2023-01-06 00:00:00+00:00,25.75,172.49999660000003,36.85167585714286
2023-01-13 00:00:00+00:00,25.735714285714288,7.5000005,33.64188171428571
2023-01-20 00:00:00+00:00,25.985714285714288,6.30000044,27.403103142857145
2023-01-27 00:00:00+00:00,26.521428571428572,3.50000014,29.568586571428572
2023-02-03 00:00:00+00:00,26.157142857142855,10.3000006,33.189693
2023-02-10 00:00:00+00:00,26.12857142857143,6.9999999,27.91660557142857
2023-02-17 00:00:00+00:00,25.32857142857143,7.60000005,34.087505285714286
2023-02-24 00:00:00+00:00,25.62142857142857,7.4999999,41.27726485714286
2023-03-03 00:00:00+00:00,25.585714285714285,20.000000500000002,32.27317857142857
2023-03-10 00:00:00+00:00,24.72142857142857,67.40000309999999,36.34522557142857
2023-03-17 00:00:00+00:00,25.349999999999998,2.7,35.93119985714286
2023-03-24 00:00:00+00:00,25.778571428571432,16.299999,35.03079128571429
2023-03-31 00:00:00+00:00,25.87857142857143,57.6,30.517382142857144
2023-04-07 00:00:00+00:00,25.650000000000002,12.00000055,28.593501142857143
2023-04-14 00:00:00+00:00,26.0,0.39999999999999997,34.62025985714286
2023-04-21 00:00:00+00:00,26.47142857142857,3.0,33.45670857142857
2023-04-28 00:00:00+00:00,26.107142857142858,17.400000400000003,36.062563857142855
2023-05-05 00:00:00+00:00,26.75,5.9999997,30.134269999999997
2023-05-12 00:00:00+00:00,27.45,7.899999,23.74739214285714
2023-05-19 00:00:00+00:00,27.564285714285713,15.300002,30.40614042857143
2023-05-26 00:00:00+00:00,27.728571428571428,5.6999993,33.37919
2023-06-02 00:00:00+00:00,27.728571428571428,55.50000109,34.82402542857143
2023-06-09 00:00:00+00:00,27.785714285714285,4.10000014,27.658498857142856
2023-06-16 00:00:00+00:00,28.421428571428574,3.8000002000000004,25.25645042857143
2023-06-23 00:00:00+00:00,28.407142857142855,10.70000005,23.163365142857142
2023-06-30 00:00:00+00:00,28.678571428571427,18.9999993,28.493283571428574
2023-07-07 00:00:00+00:00,28.62857142857143,9.20000015,25.573583000000003
2023-07-14 00:00:00+00:00,28.57857142857143,22.40000055,22.462298285714287
2023-07-21 00:00:00+00:00,28.292857142857144,141.900003,20.998128857142856
2023-07-28 00:00:00+00:00,28.435714285714287,56.899999199999996,28.177281714285716
2023-08-04 00:00:00+00:00,28.57857142857143,132.8000071,32.515443142857144
2023-08-11 00:00:00+00:00,28.678571428571427,27.700001999999998,23.32752042857143
2023-08-18 00:00:00+00:00,27.614285714285717,307.10002560000004,32.35399457142857
2023-08-25 00:00:00+00:00,28.571428571428573,100.19999729999999,41.331295714285716
2023-09-01 00:00:00+00:00,28.442857142857143,53.700002,26.70625742857143
2023-09-08 00:00:00+00:00,28.414285714285715,57.4000032,25.105010857142855
2023-09-15 00:00:00+00:00,28.764285714285712,44.499999,34.629197714285716
2023-09-22 00:00:00+00:00,28.814285714285713,24.9999985,34.723141285714284
2023-09-29 00:00:00+00:00,28.885714285714283,21.7000001,29.205474857142857
2023-10-06 00:00:00+00:00,28.978571428571428,5.1000003,33.76269242857143
2023-10-13 00:00:00+00:00,28.900000000000002,30.6999988,29.900013285714287
2023-10-20 00:00:00+00:00,28.864285714285717,30.20000154,32.997741142857144
2023-10-27 00:00:00+00:00,28.62142857142857,5.8999997,22.35884157142857
2023-11-03 00:00:00+00:00,28.164285714285715,16.1999993,27.418545142857145
2023-11-10 00:00:00+00:00,28.514285714285712,7.2000003,35.18774285714286
2023-11-17 00:00:00+00:00,28.37142857142857,9.4000001,31.968194428571426
2023-11-24 00:00:00+00:00,28.342857142857145,2.7000002,37.475455714285715
2023-12-01 00:00:00+00:00,27.92142857142857,3.7000001399999998,33.02187742857143
2023-12-08 00:00:00+00:00,27.564285714285713,13.299999099999999,29.561123285714284
2023-12-15 00:00:00+00:00,27.321428571428573,6.90000024,36.708311571428574
2023-12-22 00:00:00+00:00,27.25714285714286,6.2000002,37.76346971428571
2023-12-29 00:00:00+00:00,27.164285714285715,2.2,32.107692285714286
2024-01-05 00:00:00+00:00,26.914285714285715,10.20000115,29.235731428571427
2024-01-12 00:00:00+00:00,25.792857142857144,5.8,35.27742828571429
2024-01-19 00:00:00+00:00,24.13571428571429,1.8000001,24.503229285714287
2024-01-26 00:00:00+00:00,24.135714285714283,3.6,33.895898
2024-02-02 00:00:00+00:00,25.25,0.4,23.51470142857143
2024-02-09 00:00:00+00:00,24.87142857142857,3.70000035,30.695139714285716
2024-02-16 00:00:00+00:00,24.77857142857143,3.8000002,42.56127714285714
2024-02-23 00:00:00+00:00,24.585714285714285,4.8000001999999995,28.822010857142857
2024-03-01 00:00:00+00:00,25.599999999999998,4.4,35.303528
2024-03-08 00:00:00+00:00,25.8,8.90000005,30.99057314285714
2024-03-15 00:00:00+00:00,24.985714285714288,6.2000003,26.89957085714286
2024-03-22 00:00:00+00:00,24.97142857142857,0.5,33.257423714285714
2024-03-29 00:00:00+00:00,25.435714285714287,1.6,34.289252
2024-04-05 00:00:00+00:00,25.82857142857143,10.300000090000001,38.677231857142864
2024-04-12 00:00:00+00:00,25.857142857142858,30.800002,26.063520714285715
2024-04-19 00:00:00+00:00,26.585714285714285,3.2,18.39041614285714
2024-04-26 00:00:00+00:00,27.37142857142857,7.50000015,21.818788428571427
2024-05-03 00:00:00+00:00,27.521428571428572,27.40000015,26.114952999999996
2024-05-10 00:00:00+00:00,27.542857142857144,8.20000018,36.94436014285714
2024-05-17 00:00:00+00:00,27.45714285714286,4.4000003,34.00118057142857
2024-05-24 00:00:00+00:00,27.521428571428572,7.0999998,28.772736857142856
2024-05-31 00:00:00+00:00,27.864285714285717,5.1000000000000005,25.145289428571427
2024-06-07 00:00:00+00:00,28.285714285714285,4.7000003,26.15196157142857
2024-06-14 00:00:00+00:00,28.349999999999998,2.30000005,29.417864857142856
2024-06-21 00:00:00+00:00,28.685714285714287,6.4,26.11634714285714
2024-06-28 00:00:00+00:00,28.75,19.10000014,28.98637185714286
2024-07-05 00:00:00+00:00,28.857142857142858,9.500000199999999,18.46327678571429
2024-07-12 00:00:00+00:00,29.32857142857143,11.9999999,29.657319142857144
2024-07-19 00:00:00+00:00,29.314285714285713,9.9,29.320781714285715
2024-07-26 00:00:00+00:00,28.55,62.399999,31.81372742857143
2024-08-02 00:00:00+00:00,28.92142857142857,42.7000003,24.059062428571426
2024-08-09 00:00:00+00:00,29.364285714285717,56.70000105,28.406606571428572
2024-08-16 00:00:00+00:00,29.164285714285715,23.39999935,30.067631
2024-08-23 00:00:00+00:00,29.178571428571427,34.500002800000004,26.133440142857143
2024-08-30 00:00:00+00:00,28.864285714285717,64.1000026,25.065773
2024-09-06 00:00:00+00:00,28.957142857142856,54.5999972,33.42296257142857
2024-09-13 00:00:00+00:00,29.021428571428572,33.8000014,31.54726757142857
2024-09-20 00:00:00+00:00,29.12142857142857,4.4,29.228148285714287
2024-09-27 00:00:00+00:00,29.25714285714286,21.70000224,31.994180142857143
2024-10-04 00:00:00+00:00,28.735714285714288,79.1000001,27.130750714285714
2024-10-11 00:00:00+00:00,28.400000000000002,81.39999949999999,32.04816485714286
2024-10-18 00:00:00+00:00,28.392857142857142,66.4000074,33.86778057142857
2024-10-25 00:00:00+00:00,28.1,17.499999,29.09003357142857
2024-11-01 00:00:00+00:00,28.37142857142857,4.2,30.689073714285712
2024-11-08 00:00:00+00:00,28.428571428571427,19.1999994,28.89934457142857
2024-11-15 00:00:00+00:00,28.25714285714286,10.0,21.359797714285715
2024-11-22 00:00:00+00:00,28.164285714285715,4.7000002499999995,30.263870999999998
2024-11-29 00:00:00+00:00,28.357142857142858,3.9000002,29.860722428571428
2024-12-06 00:00:00+00:00,27.914285714285715,10.499999299999999,24.326486285714285
2024-12-13 00:00:00+00:00,28.335714285714285,1.9000002,36.52684428571428
2024-12-20 00:00:00+00:00,27.62857142857143,6.8000001999999995,23.741292714285716
2024-12-27 00:00:00+00:00,27.47142857142857,12.999999899999999,25.296090999999997
2025-01-03 00:00:00+00:00,27.571428571428573,29.199998100000002,30.002772571428572
2025-01-10 00:00:00+00:00,27.55,7.6000002,30.501227285714286
2025-01-17 00:00:00+00:00,27.87857142857143,7.0000001,25.648353857142858
2025-01-24 00:00:00+00:00,27.192857142857143,8.2000001,24.489332714285716
2025-01-31 00:00:00+00:00,27.307142857142857,13.1000002,27.306022428571428
2025-02-07 00:00:00+00:00,25.892857142857142,5.900000049999999,29.043206142857144
2025-02-14 00:00:00+00:00,26.514285714285712,2.8000002999999998,29.43785928571429
2025-02-21 00:00:00+00:00,25.564285714285717,0.4,30.84091814285714
2025-02-28 00:00:00+00:00,25.792857142857144,3.5000002,38.63394
2025-03-07 00:00:00+00:00,26.37857142857143,34.2999999,36.26322471428572
2025-03-14 00:00:00+00:00,27.042857142857144,6.10000035,32.563509857142854
2025-03-21 00:00:00+00:00,26.521428571428572,5.900000199999999,21.139274785714285
2025-03-28 00:00:00+00:00,26.157142857142855,1.2000000000000002,38.17783328571429
2025-04-04 00:00:00+00:00,26.942857142857143,3.8000000000000003,26.664871714285713
2025-04-11 00:00:00+00:00,27.442857142857143,2.0,24.846879857142856
2025-04-18 00:00:00+00:00,27.650000000000002,8.499999599999999,24.897125142857142
2025-04-25 00:00:00+00:00,27.821428571428573,8.90000005,29.60313914285714
2025-05-02 00:00:00+00:00,27.807142857142857,11.1999999,28.786013285714287
2025-05-09 00:00:00+00:00,27.885714285714283,5.5000002,30.667824
2025-05-16 00:00:00+00:00,27.74285714285714,17.300002,32.41751642857143
2025-05-23 00:00:00+00:00,28.400000000000002,19.300001,23.899247714285714
2025-05-30 00:00:00+00:00,28.292857142857144,3.8000001,27.76386557142857
2025-06-06 00:00:00+00:00,28.521428571428572,6.1000002,26.43726942857143
2025-06-13 00:00:00+00:00,28.714285714285715,35.0000011,20.709588285714286
2025-06-20 00:00:00+00:00,28.57857142857143,46.000002,26.811425857142858
2025-06-27 00:00:00+00:00,28.585714285714285,37.7000018,27.653703285714283
2025-07-04 00:00:00+00:00,28.55,80.50000299999999,25.536927714285717
2025-07-11 00:00:00+00:00,28.571428571428573,65.9000013,35.38597614285714
2025-07-18 00:00:00+00:00,28.87142857142857,28.20000015,27.976023142857144
2025-07-25 00:00:00+00:00,28.22142857142857,55.20000314,30.254434
2025-08-01 00:00:00+00:00,28.885714285714283,35.7,22.90225785714286
2025-08-08 00:00:00+00:00,28.214285714285715,60.900001,26.091030714285715
2025-08-15 00:00:00+00:00,28.864285714285717,44.3000004,22.129009571428572
2025-08-22 00:00:00+00:00,28.92142857142857,65.0000014,28.317717999999996
2025-08-29 00:00:00+00:00,28.964285714285715,26.8000002,22.586752571428573
2025-09-05 00:00:00+00:00,29.42142857142857,20.500001,27.477914571428574
2025-09-12 00:00:00+00:00,29.428571428571427,25.7,22.607772285714287
2025-09-19 00:00:00+00:00,29.24285714285714,6.6,18.82099542857143
2025-09-26 00:00:00+00:00,29.235714285714288,73.3999996,26.056185857142857
2025-10-03 00:00:00+00:00,29.392857142857142,21.2999998,28.331995
2025-10-10 00:00:00+00:00,29.57857142857143,21.1999991,26.857403714285713
2025-10-17 00:00:00+00:00,29.521428571428572,54.199998,33.990885
2025-10-24 00:00:00+00:00,29.135714285714283,23.6999996,32.11591671428572
2025-10-31 00:00:00+00:00,28.957142857142856,61.5999971,39.423671
2025-11-07 00:00:00+00:00,28.685714285714287,1.00000004,20.321153857142857
2025-11-14 00:00:00+00:00,29.207142857142856,3.7000001,30.79523742857143
2025-11-21 00:00:00+00:00,28.8,5.2000004,31.900753714285713
2025-11-28 00:00:00+00:00,28.62857142857143,0.9,28.736316285714285
2025-12-05 00:00:00+00:00,28.42142857142857,3.3000002,27.705831714285715
2025-12-12 00:00:00+00:00,27.857142857142858,7.7000002,31.601337285714287
2025-12-19 00:00:00+00:00,26.50714285714286,7.1000001,39.365931999999994
2025-12-26 00:00:00+00:00,27.099999999999998,16.399998,36.57571071428571
2026-01-02 00:00:00+00:00,26.857142857142858,7.899999500000001,30.942405714285712
2026-01-09 00:00:00+00:00,26.728571428571428,4.60000005,35.454576571428575
2026-01-16 00:00:00+00:00,26.942857142857143,27.100000100000003,28.823105857142856
2026-01-23 00:00:00+00:00,25.892857142857142,35.400001100000004,28.475134
2026-01-30 00:00:00+00:00,25.75714285714286,16.299999,35.482892428571425
2026-02-06 00:00:00+00:00,26.464285714285715,4.9,27.07303285714286
2026-02-13 00:00:00+00:00,25.900000000000002,34.50000515,33.893063
2026-02-20 00:00:00+00:00,24.87142857142857,7.0000006500000005,47.32529471428571
2026-02-27 00:00:00+00:00,25.75,18.1999998,32.98091371428571
2026-03-06 00:00:00+00:00,25.307142857142853,18.1999991,38.199214999999995
2026-03-13 00:00:00+00:00,25.07857142857143,32.1000005,38.404814571428574
2026-03-20 00:00:00+00:00,25.3,0.4,40.014286
